MOLECULE_NAME,SMILES,CHILOGD_7.4
302-215-10,CC(C)(C)N1CCN(Cc2cc3nc(Nc4ccccc4NC(=O)C(F)F)cc(N4CCOCC4)n3n2)CC1,2.12
302-301-01,NC(=O)C1CCN(Cc2cc3nc(cc(N4CCOCC4)n3n2)-n2c(nc3ccccc23)C(F)F)CC1,1.32
302-313-01,Clc1nc(N2CCOCC2)c2ncnc2n1,0.85
302-313-12,CC(C)(O)C1CCN(Cc2nc3nc(Cl)nc(N4CCOCC4)c3n2)CC1,1.25
302-314-01,OCC1CCCN1Cc1cc2nc(cc(N3CCOCC3)n2n1)-n1c(nc2ccccc12)C(F)F,1.66
302-315-01,CCOC(=O)C1CCCN(Cc2cc3nc(cc(N4CCOCC4)n3n2)-n2c(nc3ccccc23)C(F)F)C1,3.52
302-316-02,CCn1c(CN2CCN(CC2)C(C)(C)C(N)=O)nc2c(nc(nc12)-c1cccc2[nH]ccc12)N1CCOCC1,2.69
302-319-02,CN(C)C1CCN(Cc2nc3c(nc(nc3[nH]2)-c2cccc3[nH]ccc23)N2CCOCC2)CC1,0.86
302-321-02,CN(C)C1CCN(Cc2nc3c(nc(nc3[nH]2)-c2c(F)ccc3[nH]ccc23)N2CCOCC2)CC1,0.76
302-323-02,CC(C)(N1CCN(Cc2nc3c(nc(nc3[nH]2)-c2cccc3[nH]ccc23)N2CCOCC2)CC1)C(N)=O,1.5
302-324-01,CCn1c(CN2CCN(CC2)C(C)(C)C(N)=O)nc2c(nc(nc12)-c1c(F)ccc2[nH]ccc12)N1CCOCC1,2.35
302-325-01,CC(C)(C)OC(=O)NC1CCN(Cc2cc3nc(cc(N4CCOCC4)n3n2)-n2c(nc3ccccc23)C(F)F)C1,3.09
302-327-02,CC(C)(N1CCN(Cc2nc3c(nc(nc3[nH]2)-c2c(F)ccc3[nH]ccc23)N2CCOCC2)CC1)C(N)=O,1.35
302-334-01,FC(F)c1nc2ccccc2n1-c1cc(N2CCOCC2)n2nc(CNC3CCOCC3)cc2n1,1.6
302-345-02,Cc1nc2ccccc2n1-c1nc(N2CCOCC2)c2nc(CN3CCC(CC3)C(C)(C)O)[nH]c2n1,1.78
302-347-02,CCc1nc2ccccc2n1-c1nc(N2CCOCC2)c2nc(CN3CCN(CC3)C(C)(C)C)[nH]c2n1,1.34
302-367-17,CS(=O)(=O)N1CCN(Cc2cc3nc(cc(N4CCOCC4)n3n2)-c2cccc3[nH]ccc23)CC1,1.62
302-374-04,CS(=O)(=O)N1CCN(CC1)C(=O)c1cc2nc(cc(N3CCOCC3)n2n1)-c1cccc2[nH]ccc12,2.5
302-376-04,CC(C)(O)C1CCN(Cc2cc3nc(cc(N4CCOCC4)n3n2)-c2cccc3[nH]ccc23)CC1,2.13
302-389-02,CN(C)C1CCN(Cc2cc3nc(cc(N4CCOCC4)n3n2)-c2cccc3[nH]ccc23)CC1,1.76
302-397-08,CC(C)(O)C1CCN(Cc2cc3nc(cc(N4CCOCC4)n3n2)-c2cncc3[nH]ccc23)CC1,1.59
302-401-02,CC(C)(C)N1CCN(Cc2cc3nc(cc(N4CCOCC4)n3n2)-c2cccc3[nH]ccc23)CC1,1.98
302-403-02,CC(C)(N1CCN(Cc2cc3nc(cc(N4CCOCC4)n3n2)-c2cccc3[nH]ccc23)CC1)C(N)=O,1.88
302-414-03,Cc1nc2ccccc2n1-c1cc(N2CCOCC2)n2nc(CN3CCN(CC3)C(C)(C)C)cc2n1,1.87
302-416-02,CCc1nc2ccccc2n1-c1cc(N2CCOCC2)n2nc(CN3CCN(CC3)C(C)(C)C)cc2n1,2.06
302-420-02,Cc1nc2ccccc2n1-c1cc(N2CCOCC2)n2nc(CN3CCC(CC3)C(C)(C)O)cc2n1,2.12
302-422-02,CC(C)(C)N1CCN(CC1)C(=O)c1cc2nc(cc(N3CCOCC3)n2n1)-c1cccc2[nH]ccc12,2.67
302-423-01,O=C(C1CC1)N1CCN(Cc2cc3nc(cc(N4CCOCC4)n3n2)-c2cccc3[nH]ccc23)CC1,2.53
302-434-05,CC(C)(C)N1CCN(Cc2cc3nc(cc(N4CCOCC4)n3n2)-n2c(nc3ccccc23)C2CC2)CC1,2.18
302-453-01,CC(C)(C)N1CCN(Cc2cc3nc(cc(N4CCOCC4)n3n2)-c2cncc3[nH]ccc23)CC1,1.4
302-462-01,CC(C)(C)N1CCN(Cc2nn3c(cc(nc3c2Cl)-n2c(nc3ccccc23)C(F)F)N2CCOCC2)CC1,2.57
302-472-01,CC(C)(C)N1CCN(Cc2nn3c(cc(nc3c2Br)-n2c(nc3ccccc23)C(F)F)N2CCOCC2)CC1,2.7
302-473-01,Cc1c(CN2CCC(CC2)C(C)(C)O)nn2c(cc(nc12)-c1cccc2[nH]ccc12)N1CCOCC1,3.27
302-482-01,CC(C)(C)N1CCN(CC1)C(=O)c1cc2nc(cc(N3CCOCC3)n2n1)-n1c(nc2ccccc12)C(F)F,3
302-484-01,CC(C)(O)C1CCN(CC1)C(=O)c1cc2nc(cc(N3CCOCC3)n2n1)-n1c(nc2ccccc12)C(F)F,2.79
302-488-01,FC(F)c1nc2ccccc2n1-c1cc(N2CCOCC2)n2nc(cc2n1)C(=O)N1CCC(F)(F)CC1,3.43
302-491-01,OC1CCN(CC1)C(=O)c1cc2nc(cc(N3CCOCC3)n2n1)-n1c(nc2ccccc12)C(F)F,2.29
302-492-01,FC(F)c1nc2ccccc2n1-c1cc(N2CCOCC2)n2nc(cc2n1)C(=O)N1CCOCC1,2.67
302-493-01,FC(F)c1nc2ccccc2n1-c1cc(N2CCOCC2)n2nc(cc2n1)C(=O)N1CCC(CC1)C#N,2.92
302-494-01,CNC(=O)CN1CCN(CC1)C(=O)c1cc2nc(cc(N3CCOCC3)n2n1)-n1c(nc2ccccc12)C(F)F,1.7
302-495-01,FC(F)c1nc2ccccc2n1-c1cc(N2CCOCC2)n2nc(CN3CCOCC3)cc2n1,2.74
302-497-01,Cc1c(nn2c(cc(nc12)-n1c(nc2ccccc12)C(F)F)N1CCOCC1)C(=O)N1CCN(CC1)C(C)(C)C,3.29
302-499-01,Cc1c(nn2c(cc(nc12)-n1c(nc2ccccc12)C(F)F)N1CCOCC1)C(=O)N1CCOCC1,2.91
302-500-01,FC(F)c1nc2ccccc2n1-c1cc(N2CCOCC2)n2nc(CN3CCC(F)(F)CC3)cc2n1,3.67
302-503-01,CC(C)(C)OC(=O)N1CCN(Cc2cc3nc(cc(N4CCOCC4)n3n2)-n2c(nc3ccccc23)C(F)F)CC1,3.89
302-505-01,FC(F)c1nc2ccccc2n1-c1cc(N2CCOCC2)n2nc(CN3CCC(CC3)C#N)cc2n1,3.11
302-511-01,FC(F)c1nc2ccccc2n1-c1cc(N2CCOCC2)n2nc(CN3CCN(CC3)C(=O)C3CC3)cc2n1,2.9
302-515-01,CCOC(=O)C1CCCN(Cc2cc3nc(cc(N4CCOCC4)n3n2)-n2c(nc3ccccc23)C(F)F)C1,3.78
302-516-02,CCn1c(CN2CCN(CC2)C(C)(C)C(N)=O)nc2c(nc(nc12)-c1cccc2[nH]ccc12)N1CCOCC1,3.35
302-517-01,Cc1nc2ccccc2n1-c1cc(N2CCOCC2)n2nc(CN3CCN(CC3)C(C)(C)C)c(C)c2n1,2.35
302-520-01,Cc1c(CN2CCN(CC2)C(C)(C)C)nn2c(cc(nc12)-c1cncc2[nH]ccc12)N1CCOCC1,1.88
302-524-01,CCn1c(CN2CCN(CC2)C(C)(C)C(N)=O)nc2c(nc(nc12)-c1c(F)ccc2[nH]ccc12)N1CCOCC1,3.07
302-525-02,NC1CCN(Cc2cc3nc(cc(N4CCOCC4)n3n2)-n2c(nc3ccccc23)C(F)F)C1,1.91
302-528-01,O[C@H]1CCN(Cc2cc3nc(cc(N4CCOCC4)n3n2)-n2c(nc3ccccc23)C(F)F)C1,1.98
302-529-01,C[C@H]1COCCN1Cc1cc2nc(cc(N3CCOCC3)n2n1)-n1c(nc2ccccc12)C(F)F,2.98
302-530-01,C[C@@H]1COCCN1Cc1cc2nc(cc(N3CCOCC3)n2n1)-n1c(nc2ccccc12)C(F)F,2.98
302-538-01,CS(=O)(=O)N1CCN(Cc2cc3nc(cc(N4CCOCC4)n3n2)-n2c(nc3ccccc23)C(F)F)CC1,2.8
302-539-02,Cc1cc2ccccc2n1-c1cc(N2CCOCC2)n2nc(CN3CCC(CC3)C(C)(C)O)cc2n1,3.22
302-540-01,Cc1c(CN2CCN(CC2)C(=O)C2CC2)nn2c(cc(nc12)-n1c(nc2ccccc12)C(F)F)N1CCOCC1,3.24
302-541-02,OCC1CCN(Cc2cc3nc(cc(N4CCOCC4)n3n2)-c2cccc3[nH]ccc23)CC1,1.81
302-542-04,Cc1cc2ccccc2n1-c1nc(N2CCOCC2)c2nc(CN3CCC(CC3)C(C)(C)O)n(C)c2n1,4.34
302-543-01,OC1CCN(CC1)C(=O)c1cc2nc(cc(N3CCOCC3)n2n1)-c1cccc2[nH]ccc12,1.47
302-548-01,O=C(C1CC1)N1CCN(CC1)C(=O)c1cc2nc(cc(N3CCOCC3)n2n1)-c1cccc2[nH]ccc12,2.62
302-549-01,Cc1nc2ccccc2n1-c1nc(N2CCOCC2)c2nc(CN3CCC(CC3)C(C)(C)O)n(C)c2n1,3.33
302-553-02,CN(C)C1CCN(Cc2nc3c(nc(nc3n2C)-c2c[nH]c3ccccc23)N2CCOCC2)CC1,3.01
302-554-02,Cn1c(CN2CCC(CC2)C(C)(C)O)nc2c(nc(nc12)-c1c[nH]c2ccccc12)N1CCOCC1,3.22
302-555-02,CN(C)C1CCN(Cc2cc3nc(cc(N4CCOCC4)n3n2)-c2c[nH]c3ccccc23)CC1,3.17
302-556-01,CC(C)(O)C1CCN(Cc2cc3nc(cc(N4CCOCC4)n3n2)-c2c[nH]c3ccccc23)CC1,2.17
302-557-01,CC(C)(N1CCN(CC1)C(=O)c1cc2nc(cc(N3CCOCC3)n2n1)-c1cccc2[nH]ccc12)C(N)=O,1.76
302-558-01,OCC1CCN(CC1)C(=O)c1cc2nc(cc(N3CCOCC3)n2n1)-c1cccc2[nH]ccc12,1.64
302-560-01,CC(C)(O)C1CCN(CC1)C(=O)c1cc2nc(cc(N3CCOCC3)n2n1)-c1cccc2[nH]ccc12,2.04
302-561-01,CNC(=O)CN1CCN(CC1)C(=O)c1cc2nc(cc(N3CCOCC3)n2n1)-c1cccc2[nH]ccc12,1.51
302-562-01,O=C(N1CCC(CC1)N1CCOCC1)c1cc2nc(cc(N3CCOCC3)n2n1)-c1cccc2[nH]ccc12,1.78
302-563-01,CC1(O)CCN(CC1)C(=O)c1cc2nc(cc(N3CCOCC3)n2n1)-c1cccc2[nH]ccc12,1.74
302-564-01,NC(=O)C1CCN(CC1)C(=O)c1cc2nc(cc(N3CCOCC3)n2n1)-c1cccc2[nH]ccc12,1.44
302-565-01,FC(F)c1nc2ccccc2n1-c1cc(N2CCOCC2)n2nc(cc2n1)C(=O)N1CCN(CC1)C(=O)C1CC1,2.35
302-566-01,C(N1CCOCC1)c1cc2nc(cc(N3CCOCC3)n2n1)-c1cccc2[nH]ccc12,2.34
302-567-01,OC1CCN(Cc2cc3nc(cc(N4CCOCC4)n3n2)-c2cccc3[nH]ccc23)CC1,1.53
302-568-01,CNC(=O)CN1CCN(Cc2cc3nc(cc(N4CCOCC4)n3n2)-c2cccc3[nH]ccc23)CC1,1.65
302-569-01,C(N1CCC(CC1)N1CCOCC1)c1cc2nc(cc(N3CCOCC3)n2n1)-c1cccc2[nH]ccc12,2.17
302-570-01,NC(=O)C1CCN(Cc2cc3nc(cc(N4CCOCC4)n3n2)-c2cccc3[nH]ccc23)CC1,1.49
302-571-01,CC1(O)CCN(Cc2cc3nc(cc(N4CCOCC4)n3n2)-c2cccc3[nH]ccc23)CC1,1.62
302-572-01,O=C(N1CCOCC1)c1cc2nc(cc(N3CCOCC3)n2n1)-c1cccc2[nH]ccc12,2.36
302-573-01,[H][C@@]1(O)CCN(Cc2cc3nc(cc(N4CCOCC4)n3n2)-c2cccc3[nH]ccc23)C1,1.71
302-574-01,[H][C@]1(O)CCN(Cc2cc3nc(cc(N4CCOCC4)n3n2)-c2cccc3[nH]ccc23)C1,1.71
302-577-01,CC(C)(C)N1CCN(Cc2cc3nc(cc(N4CCOCC4)n3n2)N2c3ccccc3NC2(O)C(F)F)CC1,1.8
302-578-01,CN1CCN(Cc2cc3nc(cc(N4CCOCC4)n3n2)-n2c(nc3ccccc23)C(F)F)CC1,2.08
302-579-01,CC(C)N1CCN(Cc2cc3nc(cc(N4CCOCC4)n3n2)-n2c(nc3ccccc23)C(F)F)CC1,2.2
302-580-01,Cc1c(nn2c(cc(nc12)-n1c(nc2ccccc12)C(F)F)N1CCOCC1)C(=O)N1CCC(CC1)N1CCOCC1,2.65
305-632-02,[H][C@]1(O)CC[C@@]([H])(CC1)n1cc(NCCCC)c2cnc(nc12)-c1cnn(c1)C1CCN(C)CC1,1.36
305-645-02,CN1CCN(Cc2ccc(s2)-c2ncc3c(NCCCC(F)(F)F)cn(C4CC[C@H](O)CC4)c3n2)CC1,2.16
305-646-02,O[C@H]1CCC(CC1)n1cc(NCCCC(F)(F)F)c2cnc(nc12)-c1ccc(CN2CCOCC2)s1,3.01
305-683-02,CCCCNc1cn(C2CC[C@H](O)CC2)c2nc(ncc12)-c1ccc(cc1)C(=O)N1CCOCC1,2.26
305-687-01,CN1CCN(Cc2ccc(cc2)-c2ncc3c(cn([C@H]4CC[C@H](O)CC4)c3n2)[N+]([O-])=O)CC1,1.58
305-712-02,CN1CCN(Cc2ccc(cc2)-c2ncc3c(NC(=O)CC=C)cn([C@H]4CC[C@H](O)CC4)c3n2)CC1,0.99
305-719-01,CN1CCN(Cc2ccc(cc2)-c2ncc3c(NC(=O)CC4CC4)cn(C4CC[C@H](O)CC4)c3n2)CC1,1.17
305-726-02,CCCCNc1cn(C2CC[C@H](O)CC2)c2nc(ncc12)-c1ccc(cc1)N1CCOCC1,3.17
305-727-02,CCCCNc1cn(C2CC[C@H](O)CC2)c2nc(ncc12)-c1ccc(N)cc1,2.4
305-728-02,CCCCNc1cn(C2CC[C@H](O)CC2)c2nc(ncc12)-c1ccc(CN2CCS(=O)(=O)CC2)cc1,2.73
305-729-02,CCCCNc1cn([C@H]2CC[C@H](O)CC2)c2nc(ncc12)-c1ccc(cc1)N1CCN(CC1)C(C)=O,2.43
305-730-01,CN1CCN(Cc2ccc(cc2)-c2ncc3c(NC=O)cn([C@H]4CC[C@H](O)CC4)c3n2)CC1,0.51
305-735-02,CCCCNc1cn([C@H]2CC[C@H](O)CC2)c2nc(ncc12)-c1ccc(C#N)c(c1)N1CCOCC1,3.45
305-736-02,CCCCNc1cn([C@H]2CC[C@H](O)CC2)c2nc(ncc12)-c1ccc(N2CCOCC2)c(c1)N(=O)=O,3.55
305-743-02,CCCCNc1cn([C@H]2CC[C@H](O)CC2)c2nc(ncc12)-c1ccc(C(=O)N2CCOCC2)c(F)c1,2.49
305-744-02,CCCCNc1cn([C@H]2CC[C@H](O)CC2)c2nc(ncc12)-c1ccc(cc1)C(=O)N1CCNCC1,1.31
305-747-02,CCCCNc1cn([C@H]2CC[C@H](O)CC2)c2nc(ncc12)-c1ccc(CNC(C)(C)C)cc1,1.7
305-748-02,CCCCNc1cn([C@H]2CC[C@H](O)CC2)c2nc(ncc12)-c1ccc(CN2CCSCC2)cc1,4.03
305-750-02,CCCCNc1cn([C@H]2CC[C@H](O)CC2)c2nc(ncc12)-c1ccc(cc1)C1CCOCC1,3.73
305-752-02,CN1CCN(Cc2ccc(cc2)-c2ncc3c(NCC4CC4)cn(C4CC[C@H](O)CC4)c3n2)CC1,1.68
305-756-02,O[C@H]1CCC(CC1)n1cc(NCCC2CC2)c2cnc(nc12)-c1ccc(cc1)N1CCOCC1,3.19
305-757-02,Nc1ccc(cc1)-c1ncc2c(NCCC3CC3)cn(C3CC[C@H](O)CC3)c2n1,2.43
305-758-02,O[C@H]1CCC(CC1)n1cc(NCCC2CC2)c2cnc(nc12)-c1ccc(CN2CCS(=O)(=O)CC2)cc1,2.74
305-759-02,O[C@H]1CCC(CC1)n1cc(NCC2CC2)c2cnc(nc12)-c1ccc(cc1)N1CCOCC1,2.81
305-760-02,CN1CCN(CC1)c1ccc(cc1)-c1ncc2c(NCC3CC3)cn(C3CC[C@H](O)CC3)c2n1,2.12
305-761-02,CN1CCN(CC1)c1ccc(cc1)-c1ncc2c(NCCC3CC3)cn(C3CC[C@H](O)CC3)c2n1,2.51
305-762-02,O[C@H]1CCC(CC1)n1cc(NCCC2CC2)c2cnc(nc12)-c1ccc(CN2CCSCC2)cc1,4.02
305-763-02,O[C@H]1CCC(CC1)n1cc(NCCC2CC2)c2cnc(nc12)-c1ccc(cc1)C1CCOCC1,3.74
305-764-02,O[C@H]1CCC(CC1)n1cc(NCC2CC2)c2cnc(nc12)-c1ccc(CN2CCSCC2)cc1,3.61
305-765-02,OC1CCC(CC1)n1cc(NCC2CC2)c2cnc(nc12)-c1ccc(cc1)S(=O)(=O)N1CCOCC1,2.72
305-766-02,OC1CCC(CC1)n1cc(NCC2CC2)c2cnc(nc12)-c1ccc(cc1)C(=O)N1CCOCC1,1.95
305-778-02,CC(=O)N1CCN(CC1)c1ccc(cc1)-c1ncc2c(NCCC3CC3)cn(C3CC[C@H](O)CC3)c2n1,2.45
305-779-02,O[C@H]1CCC(CC1)n1cc(NCCC2CC2)c2cnc(nc12)-c1ccc(C#N)c(c1)N1CCOCC1,3.45
305-780-02,O[C@H]1CCC(CC1)n1cc(NCCC2CC2)c2cnc(nc12)-c1ccc(N2CCOCC2)c(c1)[N+]([O-])=O,3.56
305-790-02,CN1CCN(CC1)c1ncc(cn1)-c1ncc2c(NCC3CC3)cn(C3CCC(O)CC3)c2n1,1.92
305-791-02,OC1CCC(CC1)n1cc(NCC2CC2)c2cnc(nc12)-c1cncnc1,1.52
305-794-02,O[C@H]1CCC(CC1)n1cc(NCCC2CC2)c2cnc(nc12)-c1ccc(C(=O)N2CCOCC2)c(F)c1,2.52
305-795-02,CC(C)(C)OC(=O)N1CCN(CC1)C(=O)c1ccc(cc1)-c1ncc2c(NCCC3CC3)cn(C3CC[C@H](O)CC3)c2n1,3.43
305-796-02,CC(C)(C)NCc1ccc(cc1)-c1ncc2c(NCCC3CC3)cn(C3CC[C@H](O)CC3)c2n1,1.74
305-797-02,OC1CCC(CC1)n1cc(NCC2CC2)c2cnc(nc12)-c1cccs1,3.25
305-810-02,Nc1ccc(cc1)-c1ncc2c(NCCCC(F)(F)F)cn(C3CC[C@H](O)CC3)c2n1,2.39
305-811-02,O[C@H]1CCC(CC1)n1cc(NCCCC(F)(F)F)c2cnc(nc12)-c1ccc(CN2CCSCC2)cc1,3.82
305-821-02,CN1CCN(Cc2ccc(cc2)-c2ncc3c(NCCOc4ccccc4)cn(C4CCC(O)CC4)c3n2)CC1,2.21
305-822-02,CN1CCN(CC1)c1ccc(cc1)-c1ncc2c(NCCOc3ccccc3)cn(C3CC[C@H](O)CC3)c2n1,2.67
306-032-03,CN(C)[C@@H](COCc1ccccc1)C(=O)N[C@H]1COc2ccccc2N(C)C1=O,3.11
306-032-04,CN[C@@H](COCc1ccccc1)C(=O)N[C@H]1COc2ccccc2N(C)C1=O,2.47
306-033-01,CN1c2ccccc2OC[C@H](NC(=O)c2n[nH]c3ccccc23)C1=O,2.59
306-043-03,CN1c2ccccc2OC[C@H](NC(=O)C(N)Cc2c[nH]c3ccccc23)C1=O,1.61
306-044-02,CN1c2ccccc2OC[C@H](NC(=O)[C@@H](N)Cc2ccccc2)C1=O,1.88
306-045-03,CN1c2ccccc2OC[C@H](NC(=O)[C@@H](N)Cc2ccc(OCc3ccccc3)cc2)C1=O,3.16
306-046-02,CN1c2ccccc2OC[C@H](NC(=O)[C@@H](N)Cc2ccc(O)cc2)C1=O,0.98
306-046-04,CN(C)[C@@H](Cc1ccc(O)cc1)C(=O)N[C@H]1COc2ccccc2N(C)C1=O,1.58
306-046-05,CN[C@@H](Cc1ccc(O)cc1)C(=O)N[C@H]1COc2ccccc2N(C)C1=O,1.12
306-047-02,CN1c2ccccc2OC[C@H](NC(=O)[C@H](N)Cc2ccccc2)C1=O,1.7
306-048-01,CC(C)C[C@H](NC(=O)OC(C)(C)C)C(=O)N[C@H]1COc2ccccc2N(C)C1=O,3.36
306-048-02,CC(C)C[C@H](N)C(=O)N[C@H]1COc2ccccc2N(C)C1=O,1.25
306-049-02,CC(C)C[C@@H](N)C(=O)N[C@@H]1COc2ccccc2N(C)C1=O,1.3
306-050-04,CN1c2ccccc2OC[C@H](NC(=O)[C@@H](N)Cc2c[nH]cn2)C1=O,0.31
306-054-01,CC(O)C(=O)N[C@H]1COc2ccccc2N(C)C1=O,0.81
306-055-01,CN1c2ccccc2OC[C@H](NC(=O)CO)C1=O,0.57
306-056-01,CN1c2ccccc2OC[C@H](NC(=O)[C@H](O)c2ccccc2)C1=O,1.91
306-057-01,CN1c2ccccc2OC[C@H](NC(=O)[C@@H](O)c2ccccc2)C1=O,2.03
306-058-01,COC(C)C(=O)N[C@H]1COc2ccccc2N(C)C1=O,1.44
306-059-01,CC(OCc1ccccc1)C(=O)N[C@H]1COc2ccccc2N(C)C1=O,3.15
306-060-01,COCC(=O)N[C@H]1COc2ccccc2N(C)C1=O,1.17
306-061-01,CO[C@@H](C(=O)N[C@H]1COc2ccccc2N(C)C1=O)c1ccccc1,2.76
306-062-01,CO[C@H](C(=O)N[C@H]1COc2ccccc2N(C)C1=O)c1ccccc1,2.81
306-063-01,CN1c2ccccc2OC[C@H](NC(=O)COCc2ccccc2)C1=O,2.87
306-064-01,CN1c2ccccc2OC[C@H](NC(=O)[C@@H](OCc2ccccc2)c2ccccc2)C1=O,3.97
306-065-01,CN1c2ccccc2OC[C@H](NC(=O)[C@H](OCc2ccccc2)c2ccccc2)C1=O,3.93
306-066-04,CN1c2ccccc2OC[C@H](Nc2nc(Cl)nc(NCc3ccccc3)n2)C1=O,3.28
306-066-05,CN1c2ccccc2OC[C@H](Nc2ncnc(NCc3ccccc3)n2)C1=O,2.39
306-067-03,CN(Cc1ccccc1)c1ncnc(N[C@H]2COc3ccccc3N(C)C2=O)n1,3.06
306-068-02,CN1c2ccccc2OC[C@H](Nc2nc(Cl)nc(NCc3cccc(F)c3)n2)C1=O,3.36
306-068-04,CN1c2ccccc2OC[C@H](Nc2ncnc(NCc3cccc(F)c3)n2)C1=O,2.5
306-069-02,CN1c2ccccc2OC[C@H](Nc2nc(Cl)nc(NCCc3ccc(Br)cc3)n2)C1=O,4.04
306-069-03,CN1c2ccccc2OC[C@H](Nc2ncnc(NCCc3ccccc3)n2)C1=O,2.7
306-070-02,CN1c2ccccc2OC[C@H](Nc2ncnc(NCc3ccccc3F)n2)C1=O,2.48
306-072-02,CN1c2ccccc2OC[C@H](NC(=O)[C@@H](N)Cc2c[nH]c3ccccc23)C1=O,1.62
306-073-02,CN1c2ccccc2OC[C@H](NC(=O)[C@H](N)Cc2c[nH]c3ccccc23)C1=O,1.54
306-074-02,C[C@@H](OCc1ccccc1)[C@H](N)C(=O)N[C@H]1COc2ccccc2N(C)C1=O,2.44
306-075-02,C[C@H](OCc1ccccc1)[C@@H](N)C(=O)N[C@H]1COc2ccccc2N(C)C1=O,2.32
306-076-01,C[C@@H](Nc1nc(Cl)nc(N[C@H]2COc3ccccc3N(C)C2=O)n1)c1ccccc1,3.56
306-076-02,C[C@@H](Nc1ncnc(N[C@H]2COc3ccccc3N(C)C2=O)n1)c1ccccc1,2.72
306-077-02,C[C@H](Nc1ncnc(N[C@H]2COc3ccccc3N(C)C2=O)n1)c1ccccc1,2.63
306-078-02,CN1c2ccccc2OC[C@H](NC(=O)[C@H](N)CSCc2ccccc2)C1=O,2.61
306-078-04,CN[C@H](CSCc1ccccc1)C(=O)N[C@H]1COc2ccccc2N(C)C1=O,3.04
306-078-05,CN(C)[C@H](CSCc1ccccc1)C(=O)N[C@H]1COc2ccccc2N(C)C1=O,3.36
306-079-02,CN1c2ccccc2OC[C@H](NC(=O)[C@@H](N)CSCc2ccccc2)C1=O,2.52
306-079-03,CN(C)[C@@H](CSCc1ccccc1)C(=O)N[C@H]1COc2ccccc2N(C)C1=O,3.22
306-079-04,CN[C@@H](CSCc1ccccc1)C(=O)N[C@H]1COc2ccccc2N(C)C1=O,2.87
306-080-01,CO[C@@](C(=O)N[C@H]1COc2ccccc2N(C)C1=O)(c1ccccc1)C(F)(F)F,4
306-081-01,CO[C@](C(=O)N[C@H]1COc2ccccc2N(C)C1=O)(c1ccccc1)C(F)(F)F,3.75
306-085-01,CCO[C@H](C(=O)N[C@H]1COc2ccccc2N(C)C1=O)c1ccccc1,3.25
306-086-01,CCCO[C@H](C(=O)N[C@H]1COc2ccccc2N(C)C1=O)c1ccccc1,3.71
306-087-02,CN1c2ccccc2OC[C@H](NC(=O)[C@H](N)CS(=O)(=O)Cc2ccccc2)C1=O,2.04
306-088-02,CN1c2ccccc2OC[C@H](NC(=O)[C@@H](N)CS(=O)(=O)Cc2ccccc2)C1=O,2.01
306-089-13,CN1c2ccccc2OC[C@H](NC(=O)[C@@H](N)CNCc2ccccc2)C1=O,1.28
306-091-01,CN1c2ccccc2OC[C@H](NC(=O)C(=O)c2ccccc2)C1=O,2.89
306-092-01,CN1c2ccccc2OC[C@H](NC(=O)[C@@H](O)Cc2ccccc2)C1=O,2.32
306-092-02,CO[C@@H](Cc1ccccc1)C(=O)N[C@H]1COc2ccccc2N(C)C1=O,3.04
306-094-04,CN1c2ccccc2OC[C@H](NC(=O)[C@H](N)COCc2ccccc2)C1=O,2.04
306-095-02,CN1c2ccccc2OC[C@H](NC(=O)[C@@H](N)Cc2ccncc2)C1=O,0.79
306-096-02,CN1c2ccccc2OC[C@H](NC(=O)[C@H](N)Cc2ccncc2)C1=O,0.75
306-097-02,CN1c2ccccc2OC[C@H](NC(=O)[C@@H](N)Cc2cccnc2)C1=O,0.81
306-098-02,CN1c2ccccc2OC[C@H](NC(=O)[C@H](N)Cc2cccnc2)C1=O,0.76
306-099-01,CN1c2ccccc2OC[C@H](NC(=O)[C@H](O)Cc2ccccc2)C1=O,2.21
306-099-02,CO[C@H](Cc1ccccc1)C(=O)N[C@H]1COc2ccccc2N(C)C1=O,2.91
306-100-01,CN1c2ccccc2OC[C@H](NC(=O)[C@H](O)CCc2ccccc2)C1=O,2.54
306-100-02,CO[C@H](CCc1ccccc1)C(=O)N[C@H]1COc2ccccc2N(C)C1=O,3.31
306-101-01,CN1c2ccccc2OC[C@H](NC(=O)[C@@H](O)CCc2ccccc2)C1=O,2.65
306-101-02,CO[C@@H](CCc1ccccc1)C(=O)N[C@H]1COc2ccccc2N(C)C1=O,3.38
306-102-02,CN1c2ccccc2OC[C@H](NC(=O)[C@H](N)Cc2cccc(c2)C#N)C1=O,1.7
306-103-02,CN1c2ccccc2OC[C@H](NC(=O)[C@@H](N)Cc2cccc(c2)C#N)C1=O,1.77
306-104-02,CN1c2ccccc2OC[C@H](NC(=O)[C@@H](N)c2ccccc2)C1=O,1.61
306-105-02,CN1c2ccccc2OC[C@H](NC(=O)[C@H](N)c2ccccc2)C1=O,1.61
306-106-02,CN1c2ccccc2OC[C@H](NC(=O)[C@@H](N)CCc2ccccc2)C1=O,2
306-107-02,CN1c2ccccc2OC[C@H](NC(=O)[C@@H]2C[C@H](CN2)OCc2ccccc2)C1=O,2.52
306-108-02,CN1c2ccccc2OC[C@H](NC(=O)[C@H]2Cc3c(CN2)[nH]c2ccccc32)C1=O,2.3
306-109-02,CN1c2ccccc2OC[C@H](NC(=O)[C@H](N)CCC(=O)OCc2ccccc2)C1=O,0.54
306-110-02,CN1c2ccccc2OC[C@H](NC(=O)[C@H](N)CCc2ccccc2)C1=O,1.99
306-112-02,CN1c2ccccc2OCC(NC(=O)[C@H](N)Cc2ccc(cc2)C#N)C1=O,1.76
306-113-02,CN1c2ccccc2OCC(NC(=O)[C@@H](N)Cc2ccc(cc2)C#N)C1=O,1.66
306-114-05,CN1c2ccccc2OC[C@H](NC(=O)[C@@H](N)COC(=O)c2ccccc2)C1=O,1.46
306-115-03,C[C@@H](N(C)Cc1ccccc1)C(=O)NC1COc2ccccc2N(C)C1=O,3.61
306-116-03,C[C@H](NCc1ccccc1)C(=O)N[C@@H]1COc2ccccc2N(C)C1=O,2.91
306-118-02,CN1c2ccccc2OC[C@H](NC(=O)[C@H](CO)NC(=O)Cc2ccccc2)C1=O,1.58
306-119-03,CN1c2ccccc2OC[C@H](NC(=O)[C@@H](N)CCOC(=O)c2ccccc2)C1=O,1.76
306-121-01,CN1c2ccccc2OC[C@H](NC(=O)CCCc2c[nH]c3ccccc23)C1=O,2.81
306-122-01,CN1c2ccccc2OC[C@H](NC(=O)CCc2c[nH]c3ccccc23)C1=O,2.53
306-124-05,CN1c2ccccc2OC[C@H](NC(=O)C2(CC2)NCc2ccccc2)C1=O,3.26
306-127-01,CN1c2ccccc2OC[C@H](NC(=O)COC(=O)Cc2ccccc2)C1=O,2.78
306-128-01,CN1c2ccccc2OC[C@H](NC(=O)COC(=O)c2ccccc2)C1=O,2.74
306-129-02,CN1c2ccccc2OC[C@H](NC(=O)[C@H](N)COC(=O)c2ccccc2)C1=O,1.98
306-130-02,CN1c2ccccc2OC[C@H](NC(=O)[C@@H](CO)NC(=O)Cc2ccccc2)C1=O,1.46
306-132-01,CN1c2ccccc2OC[C@H](NC(=O)C2(CC2)NC(=O)c2ccccc2)C1=O,1.92
306-135-01,CC#C[C@@H](CC(=O)N[C@H]1COc2ccccc2N(C)C1=O)c1ccc(O)cc1,2.29
306-136-01,CN1c2ccccc2OC[C@H](NC(=O)C(=O)Nc2c(C)cccc2C)C1=O,3.1
306-137-01,C[C@H](OCc1ccccc1)C(=O)N[C@H]1COc2ccccc2N(C)C1=O,3.12
306-138-01,C[C@@H](OCc1ccccc1)C(=O)N[C@H]1COc2ccccc2N(C)C1=O,3.06
306-139-03,CN1c2ccccc2OC[C@H](NC(=O)C(=O)NCc2ccccc2)C1=O,2.74
306-141-03,C[C@@H](NC(=O)c1ccccc1)C(=O)N[C@H]1COc2ccccc2N(C)C1=O,2.69
306-142-03,C[C@@H](N(C)C(=O)c1ccccc1)C(=O)N[C@H]1COc2ccccc2N(C)C1=O,2.22
306-143-01,CN1c2ccccc2OC[C@H](NC(=O)C2(CC2)NC(=O)Cc2ccccc2)C1=O,1.99
306-145-01,C[C@@H](N(C)C(=O)Cc1ccccc1)C(=O)N[C@H]1COc2ccccc2N(C)C1=O,2.37
306-146-01,CN1c2ccccc2OC[C@H](NC(=O)C=CC(=O)c2ccccc2)C1=O,3.15
306-147-01,CN1c2ccccc2OC[C@H](NC(=O)CC=Cc2ccccc2)C1=O,3.34
306-148-01,C[C@@H](N(C)Cc1ccccc1)C(=O)N[C@H]1COc2ccccc2N(C)C1=O,3.72
306-149-01,C[C@@H](N(C)CCc1ccccc1)C(=O)N[C@H]1COc2ccccc2N(C)C1=O,3.83
306-151-01,C[C@H](OC(=O)c1ccccc1)C(=O)N[C@H]1COc2ccccc2N(C)C1=O,3.23
306-152-01,CN1c2ccccc2OC[C@H](NC(=O)C=Cc2cccc(O)c2)C1=O,2.65
306-153-02,CN1c2ccccc2OC[C@H](NC(=O)[C@@H](N)CC(=O)OCc2ccccc2)C1=O,2.34
306-154-01,C[C@@H](NC(=O)Cc1ccccc1)C(=O)N[C@H]1COc2ccccc2N(C)C1=O,2.76
306-157-01,C[C@@H](N(Cc1ccccc1)Cc1ccccc1)C(=O)N[C@H]1COc2ccccc2N(C)C1=O,4.43
306-158-01,C[C@@H](NCCc1ccccc1)C(=O)N[C@H]1COc2ccccc2N(C)C1=O,3.08
306-159-01,CN1c2ccccc2OC[C@H](NC(=O)C=Cc2ccc(Cl)cc2)C1=O,3.58
306-160-01,CN1c2ccccc2OC[C@@H](NC(=O)CCC(=O)c2ccccc2)C1=O,2.82
306-161-01,CN1c2ccccc2OC[C@@H](NC(=O)C=Cc2cccc(Cl)c2)C1=O,3.48
306-162-01,C[C@@H](OC(=O)c1ccccc1)C(=O)N[C@H]1COc2ccccc2N(C)C1=O,3.06
306-163-01,C[C@H](OC(=O)Cc1ccccc1)C(=O)N[C@H]1COc2ccccc2N(C)C1=O,3.03
306-164-01,C[C@@H](OC(=O)Cc1ccccc1)C(=O)N[C@H]1COc2ccccc2N(C)C1=O,3.06
306-165-01,CN1c2ccccc2OC[C@H](NC(=O)C2(CC2)NCCc2ccccc2)C1=O,3.55
306-176-01,CN1c2ccccc2OC[C@H](NC(=O)CNC(=O)Cc2ccccc2)C1=O,1.77
306-180-02,CN1c2ccccc2OC[C@H](NC(=O)[C@@H](N)CC(=O)NCc2ccccc2)C1=O,1.5
306-181-01,CN1c2ccccc2OC[C@H](NC(=O)CCCCc2ccccc2)C1=O,3.35
306-602-01,CN1c2ccccc2OC[C@H](NC(=O)c2ccc(O)cc2)C1=O,1.64
306-610-01,COc1cc(cc(OC)c1OC)C(=O)N[C@H]1COc2ccccc2N(C)C1=O,2.97
306-611-01,CN1c2ccccc2OC[C@H](NC(=O)Cc2ccccc2F)C1=O,2.53
306-612-01,CN1c2ccccc2OC[C@H](NC(=O)C=CC(=O)c2ccc(Cl)cc2)C1=O,3.24
306-619-01,CCOc1ccc(cc1)C(=O)N[C@H]1COc2ccccc2N(C)C1=O,2.9
306-622-01,CCC(=O)N[C@H]1COc2ccccc2N(C)C1=O,1.13
306-656-01,CN1c2ccccc2OC[C@H](NC(=O)c2cccc(O)n2)C1=O,0.97
306-664-01,CN1c2ccccc2OC[C@H](NC(=O)C=Cc2ccc(O)cc2)C1=O,1.94
306-669-01,CN1c2ccccc2OC[C@H](NC(=O)c2cc(C)[nH]n2)C1=O,1.41
307-002-07,COC(=O)c1nn(C)cc1NC(=O)c1cccc(CN2CCN(C)CC2)c1,0.83
307-003-09,Cn1cc(NC(=O)c2cccc(CN3CCN(CC3)C(=O)C3CC3)c2)c(n1)C(=O)NC1CCCC1,3
307-004-07,COC(=O)c1nn(C)cc1NC(=O)c1ccc(CN2CCN(C)CC2)cc1,0.78
307-004-09,CN1CCN(Cc2ccc(cc2)C(=O)Nc2cn(C)nc2C(=O)NC2CCCC2)CC1,1.88
307-007-06,CC(=O)N1CCN(Cc2ccc(cc2)C(=O)Nc2cn(C)nc2C(=O)Nc2ccc(C)c(c2)C(F)(F)F)CC1,3.56
307-008-06,Cc1ccc(NC(=O)c2nn(C)cc2NC(=O)c2ccc(CN3CCN(CC3)C(=O)C3CC3)cc2)cc1C(F)(F)F,4.19
307-010-01,CC(=O)N1CCN(Cc2cccc(c2)C(=O)Nc2cn(C)nc2C(=O)Nc2ccc(C)c(c2)C(F)(F)F)CC1,3.67
307-011-03,CN1CCN(Cc2cccc(c2)C(=O)Nc2cnn(C)c2C(=O)Nc2ccc(C)c(c2)C(F)(F)F)CC1,2.33
307-012-03,CN1CCN(Cc2cccc(c2)C(=O)Nc2c[nH]nc2C(=O)Nc2ccc(C)c(c2)C(F)(F)F)CC1,2.87
307-013-03,CN1CCN(Cc2cccc(c2)C(=O)Nc2cn(C)nc2C(=O)Nc2ccccc2)CC1,2.25
307-014-03,CN1CCN(Cc2cccc(c2)C(=O)Nc2cn(C)nc2C(=O)Nc2cccc(c2)C(F)(F)F)CC1,3.1
307-015-03,CN1CCN(Cc2cccc(c2)C(=O)Nc2cn(C)nc2C(=O)Nc2ccc(C)cc2)CC1,2.64
307-016-03,CN1CCN(Cc2cccc(c2)C(=O)Nc2cn(C)nc2C(=O)Nc2ccc(F)cc2)CC1,2.34
307-017-02,CCN1CCN(Cc2cccc(c2)C(=O)Nc2cn(C)nc2C(=O)Nc2ccc(C)c(c2)C(F)(F)F)CC1,3.52
307-021-03,CN1CCN(Cc2cccc(c2)C(=O)Nc2cn(C)nc2C(=O)Nc2ccccc2C)CC1,2.11
307-026-01,CN1CCN(Cc2ccc(cc2)C(=O)Nc2cn(C)nc2C(=O)Nc2ccc(C)c(c2)C(F)(F)F)CC1,3.47
307-027-03,CN1CCN(Cc2cccc(c2)C(=O)Nc2cn(C)nc2C(=O)NCc2cccc(F)c2)CC1,2.11
307-028-03,Cc1ccc(NC(=O)c2nn(C)cc2NC(=O)c2ccccc2)cc1C(F)(F)F,4.7
307-029-03,CN1CCN(Cc2cccc(c2)C(=O)Nc2cn(C)nc2C(=O)Nc2ccc(C)c(C)c2)CC1,3.97
307-030-01,CN1CCN(CC1)c1ccc(cc1)C(=O)Nc1cn(C)nc1C(=O)Nc1ccc(C)c(c1)C(F)(F)F,4.43
307-031-01,Cc1ccc(NC(=O)c2nn(C)cc2NC(=O)c2ccc(cc2)N2CCOCC2)cc1C(F)(F)F,4.42
307-032-02,CN1CCN(Cc2cccc(c2)C(=O)Nc2cn(C)nc2C(=O)NCc2ccc(C)c(c2)C(F)(F)F)CC1,4
307-034-01,COc1ccccc1NC(=O)c1nn(C)cc1NC(=O)c1cccc(CN2CCN(C)CC2)c1,3.89
307-035-01,COc1cccc(NC(=O)c2nn(C)cc2NC(=O)c2cccc(CN3CCN(C)CC3)c2)c1,3.48
307-036-01,COc1ccc(NC(=O)c2nn(C)cc2NC(=O)c2cccc(CN3CCN(C)CC3)c2)cc1,3.35
307-037-01,CN1CCN(Cc2ccc(cc2)C(=O)Nc2cn(C)nc2C(=O)Nc2cccc(c2)C(F)(F)F)CC1,2.7
307-038-01,CN1CCN(Cc2ccc(cc2)C(=O)Nc2cn(C)nc2C(=O)Nc2ccc(F)cc2)CC1,1.94
307-039-01,CN1CCN(CC1)c1ccc(cc1)C(=O)Nc1cn(C)nc1C(=O)Nc1cccc(c1)C(F)(F)F,3.52
307-041-01,CN1CCN(Cc2cccc(c2)C(=O)Nc2cn(C)nc2C(=O)Nc2cccc(C)c2)CC1,2.32
307-050-01,CN1CCN(Cc2cccc(c2)C(=O)Nc2cn(C)nc2C(=O)Nc2cccc(C)n2)CC1,1.97
307-204-03,Cn1ncc(C(=O)NC2CCN(Cc3ccccc3)CC2)c1N,0.72
307-205-02,Nc1c(cnn1-c1ccccc1)C(=O)NC1CCN(CC1)c1ccccc1,2.73
307-206-05,Nc1c([nH]nc1-c1ccccc1)C(=O)NC1CCN(Cc2ccccc2)CC1,1.98
307-207-03,Nc1c(cnn1-c1ccccc1)C(=O)NC1CCCN(Cc2ccccc2)C1,2.48
307-209-04,Nc1c(cnn1-c1ccccc1)C(=O)NC1CCN(Cc2cccc3ccccc23)CC1,3.3
307-210-04,COc1ccccc1CN1CCC(CC1)NC(=O)c1cnn(c1N)-c1ccccc1,1.48
307-500-05,CC(CN(C)C)c1ccc(cc1)-c1cccc2cc(nn12)C(N)=O,2.15
307-503-06,CC(CN(C)C)c1ccc(cc1)-c1cccc2[nH]c(cc12)C(N)=O,1.11
307-504-10,CC(CN(C)C)c1ccc(cc1)-c1cc(n2nc(cc2n1)C(N)=O)C(F)(F)F,2.54
307-507-01,CC(CN(C)C)c1ccc(cc1)-c1cccc2[nH]ccc12,1.89
307-508-05,CC(CN(C)C)c1ccc(cc1)-c1c(O)ccc2[nH]ccc12,0.85
307-509-03,CCOC(=O)c1cc2c(c(OC)ccc2[nH]1)-c1ccc(cc1)C(C)CN(C)C,2.24
307-512-01,CC(CN(C)C)c1ccc(cc1)-c1c(O)ccc2[nH]c(cc12)C(N)=O,1.66
307-524-01,COc1c(Br)c(C)c2[nH]c(cc2c1-c1ccc(cc1)C(C)CN(C)C)C(N)=O,1.71
307-525-01,CCOC(=O)c1cc2c(c(OC)cc(C)c2[nH]1)-c1ccc(cc1)C(C)CN(C)C,2.29
307-526-01,COc1cc(C)c2[nH]c(cc2c1-c1ccc(cc1)C(C)CN(C)C)C(N)=O,0.99
307-600-05,CN(C)C1CCN(Cc2cc3nc(cc(N(C)C)n3n2)-c2cccc3[nH]ccc23)CC1,2.59
307-603-02,CN(C)c1cc(nc2cc(CN3CCN(C)CC3)nn12)-c1cccc2[nH]ccc12,2.61
307-608-02,CN(C)c1cc(nc2cc(CN3CCN(C)CC3)nn12)-n1cnc2ccccc12,2.69
307-611-04,CN(C)c1cc(nc2cc(CN3CCN(C)CC3)nn12)-n1c(nc2ccccc12)C(N)=O,2.13
307-612-02,CN(C)C1CCN(Cc2cc3nc(cc(N(C)C)n3n2)-n2cnc3ccccc23)CC1,0.78
307-617-01,CN(C)C1CCN(Cc2cc3nc(cc(N(C)C)n3n2)-n2c(nc3ccccc23)C(N)=O)CC1,0.5
504-001-01,c1ncc([nH]1)-c1c[nH]c2ccccc12,3.51
504-002-02,Cn1cncc1-c1c[nH]c2cccc(F)c12,1.93
504-003-01,Cn1cncc1-c1c[nH]c2ccc(I)cc12,2.84
504-005-02,Fc1cccc2[nH]cc(-c3cnc[nH]3)c12,1.58
504-010-02,Cn1nccc1-c1c[nH]c2ccccc12,2.35
504-029-01,COc1ccc2[nH]cc(-c3nccn3C)c2c1,2.32
504-043-01,Cn1cncc1-c1c[nH]c2ccc(cc12)C(=O)NN1CC2CCCC2C1,1.43
504-045-05,N#Cc1ccc2[nH]cc(-c3cncn3CCOc3ccccc3)c2c1,2.5
504-049-01,Cn1cncc1-c1c[nH]c2ccc(cc12)C(=O)NC1CCCC(O)C1,0.59
504-050-01,Cn1cncc1-c1c[nH]c2ccc(cc12)C(=O)NC1CCC(O)CC1,0.34
504-059-01,CC(NC(=O)c1ccc2[nH]cc(-c3cncn3C)c2c1)C#C,1.05
504-093-01,CC[C@H](C)NC(=O)c1ccc2[nH]cc(-c3cncn3C)c2c1,1.23
504-094-01,Cn1cncc1-c1c[nH]c2ccc(C=O)cc12,1.05
504-095-01,CC(O)c1ccc2[nH]cc(-c3cncn3C)c2c1,0.64
504-096-01,CC(=C)c1ccc2[nH]cc(-c3cncn3C)c2c1,2.24
504-101-01,Cn1cncc1-c1c[nH]c2ccc(O)c(F)c12,0.49
504-115-01,Cn1cncc1-c1c[nH]c2c(F)cc(C(N)=O)c(F)c12,0.38
504-117-01,COc1ccc2[nH]cc(-c3cnc[nH]3)c2c1,1.58
504-135-01,Cn1cncc1-c1c[nH]c2ccc(CO)cc12,1.71
504-136-01,CC(=O)Oc1ccc2[nH]cc(-c3cncn3C)c2c1,1.44
504-138-01,CCn1cncc1-c1c[nH]c2ccc(OC(C)=O)cc12,1.39
504-140-01,CC(=O)c1ccc2[nH]cc(-c3cncn3C)c2c1,0.95
504-146-01,Cn1cncc1-c1c[nH]c2ccc(cc12)C(=O)NC1CC1,0.9
504-149-01,CSc1ccc2[nH]cc(-c3cncn3C)c2c1,1.82
504-150-01,Cn1cncc1-c1c[nH]c2ccc(cc12)C(N)=S,0.73
504-154-01,CCn1cncc1-c1c[nH]c2ncccc12,2.55
504-156-01,CCC(=O)Oc1ccc2[nH]cc(-c3cncn3CC)c2c1,1.92
504-157-01,Cn1cncc1-c1c[nH]c2ccc(OC(=O)C(C)(C)C)cc12,2.58
504-158-01,CCn1cncc1-c1c[nH]c2ccc(OC(=O)C(C)(C)C)cc12,2.69
504-161-01,CCn1cncc1-c1c[nH]c2ccc(OC(=O)C3CC3)cc12,1.99
504-163-01,CCCCCCCC(=O)Oc1ccc2[nH]cc(-c3cncn3CC)c2c1,3.87
504-164-01,CCn1cncc1-c1c[nH]c2ccc(OC(=O)c3ccccc3)cc12,2.67
504-165-01,CCn1cncc1-c1c[nH]c2ccc(OC(=O)c3ccccn3)cc12,1.57
504-166-01,CCn1cncc1-c1c[nH]c2ccc(OC(=O)C=Cc3ccccc3)cc12,3.01
504-174-01,CCNC(=O)c1ccc2[nH]cc(-c3cncn3C)c2c1,0.73
504-175-01,CCNC(=O)c1ccc2[nH]cc(-c3cncn3CC)c2c1,1.08
504-176-01,CCCNC(=O)c1ccc2[nH]cc(-c3cncn3C)c2c1,1.2
504-177-01,CCCNC(=O)c1ccc2[nH]cc(-c3cncn3CC)c2c1,1.43
504-178-01,Cn1cncc1-c1c[nH]c2ccc(cc12)C(=O)NCC=C,1.04
504-180-01,COCCNC(=O)c1ccc2[nH]cc(-c3cncn3C)c2c1,0.71
504-182-01,Cn1cncc1-c1c[nH]c2c(F)cc(cc12)C(N)=O,0.41
504-193-01,CC(C)C(=O)Oc1ccc2[nH]cc(-c3cncn3C)c2c1,2.2
504-194-01,CCn1cncc1-c1c[nH]c2ccc(OC(=O)C(C)C)cc12,2.44
504-195-01,CC(C)Cn1cncc1-c1c[nH]c2ccc(cc12)C(N)=O,0.99
504-206-01,Cn1cncc1-c1c[nH]c2ccc(cc12)S(C)=O,0.29
504-207-01,CCn1cncc1-c1c[nH]c2ccc(cc12)S(C)=O,0.5
504-226-01,CCn1cncc1-c1c[nH]c2ccc(SC)cc12,2.55
504-227-01,CCn1cncc1-c1c[nH]c2ccc(cc12)C(N)=S,1.46
504-228-01,NC(=O)c1ccc2[nH]cc(-c3cncn3CC3CC3)c2c1,1.41
504-229-01,NC(=O)c1ccc2[nH]cc(-c3cncn3CC3CCC3)c2c1,1.16
504-231-01,CC(C)CCn1cncc1-c1c[nH]c2ccc(cc12)C(N)=O,1.35
504-233-02,NC(=O)c1ccc2[nH]cc(-c3cncn3CC#C)c2c1,1.35
504-235-01,NC(=O)c1ccc2[nH]cc(-c3cncn3CCC(F)(F)F)c2c1,0.94
504-241-01,NC(=S)c1ccc2[nH]cc(-c3cncn3CC3CC3)c2c1,1.9
504-255-01,NC(=S)c1ccc2[nH]cc(-c3cncn3CC3CC3)c2c1F,2.05
504-260-01,CNC(=O)c1ccc2[nH]cc(-c3cncn3CC3CC3)c2c1,1.53
504-262-01,CNC(=O)c1ccc2[nH]cc(-c3cncn3CC=C)c2c1,1.31
504-268-01,CC(=O)n1cc(-c2cncn2CC2CC2)c2cc(ccc12)C(N)=O,1.74
504-270-01,CCC(=O)n1cc(-c2cncn2CC2CC2)c2cc(ccc12)C(N)=O,2.13
504-274-01,CCC(=O)n1cc(-c2cncn2CC(C)C)c2cc(ccc12)C(N)=O,2.26
504-275-01,CC(C)Cn1cncc1-c1cn(C(C)=O)c2ccc(cc12)C(N)=O,1.87
504-283-01,CCCCCn1cncc1-c1c[nH]c2ccc(cc12)C(N)=O,1.99
504-298-01,NC(=O)c1ccc2[nH]cc(-c3cncn3CCOc3ccccc3)c2c1,2.17
504-298-05,NC(=O)c1ccc2[nH]cc(-c3cncn3CCOc3ccccc3)c2c1,2.27
504-308-01,CNCc1ccc2[nH]cc(-c3cncn3C)c2c1,0.34
504-309-01,CCn1cncc1-c1c[nH]c2ccc(cc12)-c1ccccc1,3.38
504-311-01,CCn1cncc1-c1c[nH]c2ccc(cc12)-c1cccnc1,2.4
504-312-01,CCn1cncc1-c1c[nH]c2ccc(cc12)-c1ccncc1,2.47
504-314-01,Cn1cncc1-c1c[nH]c2cccc(-c3ccccc3)c12,2.8
504-316-01,CCOc1ccc(cn1)-c1ccc2[nH]cc(-c3cncn3C)c2c1,3.09
504-317-01,Cn1cncc1-c1c[nH]c2ccc(cc12)-c1ccnc(F)c1,2.62
504-319-01,Cn1cncc1-c1c[nH]c2ccc(cc12)-c1ccncc1,2.31
504-322-01,Cn1cncc1-c1c[nH]c2ccc(cc12)-c1ccc(F)nc1,2.31
504-323-01,COc1cc(ccn1)-c1ccc2[nH]cc(-c3cncn3C)c2c1,2.71
504-327-01,Cn1cncc1-c1c[nH]c2ccc(cc12)-c1ccccc1F,3.25
504-328-01,Cn1cncc1-c1c[nH]c2ccc(cc12)-c1cccc(F)c1,3.07
504-329-01,Cn1cncc1-c1c[nH]c2ccc(cc12)-c1ccc(F)cc1,3.26
504-331-01,COc1ccc(cc1)-c1ccc2[nH]cc(-c3cncn3C)c2c1,3.11
504-332-01,Cn1cncc1-c1c[nH]c2ccc(cc12)-c1ccccc1O,2.31
504-333-01,Cn1cncc1-c1c[nH]c2ccc(cc12)-c1ccc(O)cc1,2.42
504-334-01,Cn1cncc1-c1c[nH]c2ccc(cc12)-c1ccc(cc1)C(N)=O,2.07
504-336-01,Cn1cncc1-c1c[nH]c2ccc(cc12)-c1cccc(N)c1,2.49
504-337-01,Cn1cncc1-c1c[nH]c2ccc(cc12)-c1ccc(cc1)C#N,2.99
504-339-01,Cn1cncc1-c1c[nH]c2ccc(-c3ccc[nH]3)c(F)c12,2.69
504-343-01,CCn1cncc1-c1c[nH]c2ccc(cc12)-c1cn[nH]c1,1.53
504-345-01,CCn1cncc1-c1c[nH]c2ccc(cc12)-c1cn[nH]c1,1.66
504-346-01,Cn1cncc1-c1c[nH]c2ccc(cc12)-c1ccco1,2.63
504-347-01,Cn1cncc1-c1c[nH]c2ccc(cc12)-c1ccc([nH]1)C(N)=O,1.51
504-349-01,Cn1cncc1-c1c[nH]c2ccc(cc12)-c1cnco1,1.68
504-350-01,Cn1cncc1-c1c[nH]c2ccc(cc12)-c1ccc(CN)s1,1.21
504-351-01,Cn1cncc1-c1c[nH]c2ccc(cc12)-c1ccc(CO)s1,1.95
504-354-01,Cn1cncc1-c1c[nH]c2ccc(cc12)-c1ccc2[nH]cnc2c1,1.69
504-355-01,CCn1cncc1-c1c[nH]c2ccc(cc12)-c1ccnc(F)c1,2.51
504-356-01,CCn1cncc1-c1c[nH]c2ccc(cc12)-c1ccc(F)nc1,2.56
504-357-01,CCn1cncc1-c1c[nH]c2ccc(cc12)-c1ccc(nc1)C#N,2.03
504-358-01,Cn1cncc1-c1c[nH]c2ccc(cc12)-c1ccc(N)nc1,1.54
504-360-01,CCn1cncc1-c1c[nH]c2ccc(cc12)-c1ccc(nc1)C(N)=O,1.81
504-361-01,CCn1cncc1-c1c[nH]c2ccc(cc12)-c1ccc(CN)nc1,1.32
504-362-01,CCn1cncc1-c1c[nH]c2ccc(cc12)-c1ccc(CO)nc1,1.62
504-362-03,CCn1cncc1-c1c[nH]c2ccc(cc12)-c1ccc(CO)nc1,0.95
504-364-01,CCn1cncc1-c1c[nH]c2ccc(cc12)-c1cncc(c1)C(N)=O,0.73
504-366-01,CCn1cncc1-c1c[nH]c2ccc(cc12)-c1cncc(CO)c1,0.87
504-367-01,Cn1cncc1-c1c[nH]c2ncc(Br)cc12,1.29
504-368-01,CCn1cncc1-c1c[nH]c2ncc(Br)cc12,1.59
504-369-01,CCCn1cncc1-c1c[nH]c2ncc(Br)cc12,1.95
504-370-01,Brc1cnc2[nH]cc(-c3cncn3CC3CC3)c2c1,2.05
504-371-01,Cn1cncc1-c1c[nH]c2ncc(cc12)-c1ccc(nc1)C#N,1.13
504-372-01,CCn1cncc1-c1c[nH]c2ncc(cc12)-c1ccc(nc1)C#N,1.38
504-373-01,CCCn1cncc1-c1c[nH]c2ncc(cc12)-c1ccc(nc1)C#N,1.67
504-374-01,N#Cc1ccc(cn1)-c1cnc2[nH]cc(-c3cncn3CC3CC3)c2c1,1.77
504-375-01,Cn1cncc1-c1c[nH]c2ncc(cc12)-c1ccc(nc1)C(N)=O,0.46
504-376-01,CCn1cncc1-c1c[nH]c2ncc(cc12)-c1ccc(nc1)C(N)=O,0.66
504-377-01,CCCn1cncc1-c1c[nH]c2ncc(cc12)-c1ccc(nc1)C(N)=O,0.9
504-378-01,NC(=O)c1ccc(cn1)-c1cnc2[nH]cc(-c3cncn3CC3CC3)c2c1,1
504-379-01,Cn1cncc1-c1c[nH]c2ncc(cc12)-c1ccc(CO)nc1,0.3
504-380-01,CCn1cncc1-c1c[nH]c2ncc(cc12)-c1ccc(CO)nc1,0.5
504-381-01,CCCn1cncc1-c1c[nH]c2ncc(cc12)-c1ccc(CO)nc1,0.74
504-382-01,OCc1ccc(cn1)-c1cnc2[nH]cc(-c3cncn3CC3CC3)c2c1,0.83
504-383-01,COCc1ccc(cn1)-c1cnc2[nH]cc(-c3cncn3C)c2c1,0.82
504-384-01,CCn1cncc1-c1c[nH]c2ncc(cc12)-c1ccc(COC)nc1,1.03
504-385-01,CCCn1cncc1-c1c[nH]c2ncc(cc12)-c1ccc(COC)nc1,1.31
504-386-01,COCc1ccc(cn1)-c1cnc2[nH]cc(-c3cncn3CC3CC3)c2c1,1.4
504-387-01,Cn1cncc1-c1c[nH]c2ncc(cc12)-c1cccnc1,0.71
504-388-01,CCn1cncc1-c1c[nH]c2ncc(cc12)-c1cccnc1,0.92
504-389-01,CCCn1cncc1-c1c[nH]c2ncc(cc12)-c1cccnc1,1.19
504-390-01,C(C1CC1)n1cncc1-c1c[nH]c2ncc(cc12)-c1cccnc1,1.3
504-391-01,CCn1cncc1-c1c[nH]c2ccc(cc12)-c1cnc2[nH]ccc2c1,1.88
504-393-01,CCn1cncc1-c1c[nH]c2ccc(cc12)-c1ccc(cc1)C(=O)CN,4.02
504-403-01,NC(=O)c1ccc2[nH]cc(-c3cncn3CC#C)c2c1F,1.15
504-404-01,NC(=S)c1ccc2[nH]cc(-c3cncn3CC#C)c2c1,1.63
504-412-01,NC(=O)c1ccc2[nH]cc(-c3cncn3CCCOc3ccccc3)c2c1,2.43
504-414-01,NC(=O)c1ccc2[nH]cc(-c3cncn3CCOCc3ccccc3)c2c1,2.29
504-415-01,COc1ccccc1OCCn1cncc1-c1c[nH]c2ccc(cc12)C(N)=O,2.13
504-416-01,COc1cccc(OCCn2cncc2-c2c[nH]c3ccc(cc23)C(N)=O)c1,2.24
504-417-01,COc1ccc(OCCn2cncc2-c2c[nH]c3ccc(cc23)C(N)=O)cc1,2.16
504-417-05,COc1ccc(OCCn2cncc2-c2c[nH]c3ccc(cc23)C(N)=O)cc1,1.82
504-420-01,NC(=O)c1ccc2[nH]cc(-c3cncn3CCOc3ccc(Cl)cc3)c2c1,2.57
504-420-05,NC(=O)c1ccc2[nH]cc(-c3cncn3CCOc3ccc(Cl)cc3)c2c1,2.27
504-436-01,Cn1cncc1-c1c[nH]c2ccc(cc12)-c1ccsc1,2.8
504-437-01,Cn1cncc1-c1c[nH]c2ccc(cc12)-c1cccs1,2.86
504-443-01,Cc1ccc(OCCn2cncc2-c2c[nH]c3ccc(cc23)C(N)=O)cc1,2.18
504-444-01,NC(=O)c1ccc2[nH]cc(-c3cncn3CCOc3ccc(F)cc3)c2c1,1.97
504-445-01,NC(=O)c1ccc2[nH]cc(-c3cncn3CCOc3ccc(Br)cc3)c2c1,2.36
504-446-01,NC(=O)c1ccc2[nH]cc(-c3cncn3CCOc3cccc(F)c3)c2c1,2
504-447-01,NC(=O)c1ccc2[nH]cc(-c3cncn3CCOc3cccc(Cl)c3)c2c1,2.24
504-449-01,Cc1cccc(OCCn2cncc2-c2c[nH]c3ccc(cc23)C(N)=O)c1,2.15
504-456-01,Cn1cncc1-c1c[nH]c2ccc(cc12)-c1ccc(cc1)S(C)(=O)=O,2.16
504-465-01,NC(=O)c1ccc2[nH]cc(-c3cncn3CCOc3ccc(I)cc3)c2c1,2.51
504-466-01,NC(=O)c1ccc2[nH]cc(-c3cncn3CCOc3ccc(cc3)C(F)(F)F)c2c1,2.5
504-475-01,NC(=O)c1ccc2[nH]cc(-c3cncn3CCOc3ccccc3F)c2c1,1.9
504-479-01,NC(=O)c1ccc2[nH]cc(-c3cncn3CCOc3ccc4OCOc4c3)c2c1,1.83
504-483-01,NC(=O)c1ccc2[nH]cc(-c3cncn3CCOc3ccc(OC(F)(F)F)cc3)c2c1,2.63
504-492-01,COCCc1ccc(OCCn2cncc2-c2c[nH]c3ccc(cc23)C(N)=O)cc1,1.97
504-498-01,NC(=O)c1ccc2[nH]cc(-c3cncn3CC3CCO3)c2c1,0.76
504-499-01,NC(=O)c1ccc2[nH]cc(-c3cncn3CC(F)F)c2c1,0.98
504-505-01,Cn1cncc1-c1c[nH]c2ccc(cc12)-c1ccc(CO)nc1,0.75
504-507-01,CCn1cncc1-c1c[nH]c2ccc(cc12)-c1ccnc(CO)c1,0.98
504-522-01,OCc1ccc(cn1)-c1ccc2[nH]cc(-c3cncn3CCOc3ccccc3)c2c1,1.87
601-500-03,Nc1nccn2c(cnc12)C1(OC(CO)C(O)C1O)C#N,-0.53
601-504-03,Nc1ncnn2c(ccc12)C1OC(CO)C(O)C1O,-0.91
601-506-01,OC[C@H]1O[C@H]([C@H](O)[C@@H]1O)n1ccc(NO)nc1=O,-2.81
601-507-03,Nc1cccn2c(cnc12)[C@@]1(O[C@H](CO)[C@@H](O)[C@H]1O)C#N,-0.25
601-512-07,C[C@@]1(O)[C@H](O)[C@@H](CO)O[C@@]1(C#N)c1cnc2c(N)nccn12,-0.35
601-601-01,Nc1ncnn2c(ccc12)[C@@H]1O[C@H](COP(O)(O)=O)[C@@H](O)[C@H]1O,-4.22
601-602-01,Nc1nccn2c(cnc12)[C@@]1(O[C@H](COP(O)(O)=O)[C@@H](O)[C@H]1O)C#N,-0.95
601-800-01,CC(C)(C)OC(=O)N[C@@H](COCc1ccccc1)C(=O)N[C@]12C[C@H]3C[C@H](C[C@H](C3)C1)C2,4.89
601-800-07,CC(=O)N[C@@H](COC(=O)c1ccccc1O)C(=O)NC12CC3CC(CC(C3)C1)C2,3.34
601-800-08,CC(=O)N[C@@H](COC(=O)c1ccccc1OC(C)=O)C(=O)NC12CC3CC(CC(C3)C1)C2,3.01
601-802-01,CCC(CC)COC(=O)C(C)NP(=O)(OCC1OC(C(O)C1O)c1ccc2c(N)ncnn12)Oc1ccccc1,2.09
601-803-01,CCC(CC)COC(=O)C(C)NP(=O)(OCC1OC(C#N)(C(O)C1O)c1cnc2c(N)nccn12)Oc1ccccc1,2.16
601-804-01,CCCN(CCC)S(=O)(=O)c1ccc(cc1)C(=O)OC[C@H](NC(=O)OC(C)(C)C)C(=O)NC12CC3CC(CC(C3)C1)C2,5.3
601-804-02,CCCN(CCC)S(=O)(=O)c1ccc(cc1)C(=O)OC[C@H](N)C(=O)NC12CC3CC(CC(C3)C1)C2,3.72
601-804-03,CCCN(CCC)S(=O)(=O)c1ccc(cc1)C(=O)OC[C@H](NC(C)=O)C(=O)NC12CC3CC(CC(C3)C1)C2,4.42
601-810-01,CCC(CC)COC(=O)[C@H](C)NP(=O)(OC[C@H]1O[C@@](C#N)(c2cnc3c(N)nccn23)[C@](C)(O)[C@@H]1O)Oc1ccccc1,2.47
601-811-01,CCC(CC)COC(=O)[C@H](C)NP(=O)(OC[C@H]1O[C@](C#N)([C@H](O)[C@@H]1O)c1cnc2c(N)cccn12)Oc1ccccc1,2.54
AGH-038-02,Cn1cncc1-c1c[nH]c2ccccc12,1.91
AGH-039-01,COc1ccc2[nH]cc(-c3cncn3C)c2c1,1.76
AGH-044-02,CCn1cncc1-c1c[nH]c2ccc(OC)cc12,2.05
AGH-075-02,CCn1cncc1-c1c[nH]c2ccc(Br)cc12,2.76
AGH-079-02,CCn1cncc1-c1c[nH]c2ccc(Cl)cc12,3.24
AGH-096-02,CCn1cncc1-c1c[nH]c2ccccc12,2.61
AGH-107-02,CCn1cncc1-c1c[nH]c2ccc(I)cc12,2.97
AGH-108-02,CCn1cncc1-c1c[nH]c2ccc(C)cc12,2.77
AGH-110-01,CCn1cncc1-c1c[nH]c2ccc(O)cc12,0.96
AGH-116-02,CCn1cncc1-c1c[nH]c2c(F)cc(I)cc12,3.18
AGH-126-02,CCn1cncc1-c1c[nH]c2cc(OC)ccc12,2.4
AGH-137-02,Cn1cncc1-c1c[nH]c2ccc(Br)cc12,2.92
AGH-138-02,CCCn1cncc1-c1c[nH]c2ccc(Br)cc12,3.51
AGH-140-02,CCCCn1cncc1-c1c[nH]c2ccc(Br)cc12,3.84
AGH-145-05,Cn1cncc1-c1c[nH]c2ccc(I)cc12,3.18
AGH-179-02,CCn1cncc1-c1c[nH]c2cccc(O)c12,2.89
AGH-188-01,Fc1c(I)ccc2[nH]cc(C=O)c12,2.42
AGH-192-02,CCn1cncc1-c1c[nH]c2ccc(I)c(F)c12,3.03
AGH-226-02,CCn1cncc1-c1c[nH]c2cc(F)ccc12,2.85
AGH-232-02,Cn1cncc1-c1c[nH]c2ccc(Br)c(F)c12,3.06
AGH-234-02,Cn1cncc1-c1c[nH]c2ccc(Cl)c(F)c12,2.95
AGH-236-02,Cn1cncc1-c1c[nH]c2ccc(F)c(F)c12,2.3
AGH-355-02,CCCn1cncc1-c1c[nH]c2ccc(I)c(F)c12,3.71
AGH-356-02,Fc1c(I)ccc2[nH]cc(-c3cncn3CC=C)c12,3.61
AGH-494-01,CCn1cncc1-c1c[nH]c2ccc(cc12)C(N)=O,0.29
AGH-537-01,Fc1c(I)ccc2[nH]ccc12,3.68
AGH-548-01,CCn1cncc1-c1c[nH]c2ccc(C(N)=O)c(F)c12,1.78
AGH-549-01,Cn1cncc1-c1c[nH]c2ccc(C(N)=O)c(F)c12,0.52
AGH-616-02,Fc1c(I)ccc2[nH]cc(-c3cncn3Cc3ccccc3)c12,3.83
