MOLECULE_NAME,SMILES,CHROMLOGD_10.5
302-215-10,CC(C)(C)N1CCN(Cc2cc3nc(Nc4ccccc4NC(=O)C(F)F)cc(N4CCOCC4)n3n2)CC1,5.18
302-301-01,NC(=O)C1CCN(Cc2cc3nc(cc(N4CCOCC4)n3n2)-n2c(nc3ccccc23)C(F)F)CC1,2.1
302-313-01,Clc1nc(N2CCOCC2)c2ncnc2n1,-2.8
302-313-12,CC(C)(O)C1CCN(Cc2nc3nc(Cl)nc(N4CCOCC4)c3n2)CC1,-1.18
302-314-01,OCC1CCCN1Cc1cc2nc(cc(N3CCOCC3)n2n1)-n1c(nc2ccccc12)C(F)F,3.5
302-315-01,CCOC(=O)C1CCCN(Cc2cc3nc(cc(N4CCOCC4)n3n2)-n2c(nc3ccccc23)C(F)F)C1,6.59
302-316-02,CCn1c(CN2CCN(CC2)C(C)(C)C(N)=O)nc2c(nc(nc12)-c1cccc2[nH]ccc12)N1CCOCC1,4.88
302-319-02,CN(C)C1CCN(Cc2nc3c(nc(nc3[nH]2)-c2cccc3[nH]ccc23)N2CCOCC2)CC1,2.69
302-321-02,CN(C)C1CCN(Cc2nc3c(nc(nc3[nH]2)-c2c(F)ccc3[nH]ccc23)N2CCOCC2)CC1,1.74
302-323-02,CC(C)(N1CCN(Cc2nc3c(nc(nc3[nH]2)-c2cccc3[nH]ccc23)N2CCOCC2)CC1)C(N)=O,1.48
302-324-01,CCn1c(CN2CCN(CC2)C(C)(C)C(N)=O)nc2c(nc(nc12)-c1c(F)ccc2[nH]ccc12)N1CCOCC1,4.11
302-325-01,CC(C)(C)OC(=O)NC1CCN(Cc2cc3nc(cc(N4CCOCC4)n3n2)-n2c(nc3ccccc23)C(F)F)C1,5.86
302-327-02,CC(C)(N1CCN(Cc2nc3c(nc(nc3[nH]2)-c2c(F)ccc3[nH]ccc23)N2CCOCC2)CC1)C(N)=O,0.67
302-334-01,FC(F)c1nc2ccccc2n1-c1cc(N2CCOCC2)n2nc(CNC3CCOCC3)cc2n1,3.06
302-345-02,Cc1nc2ccccc2n1-c1nc(N2CCOCC2)c2nc(CN3CCC(CC3)C(C)(C)O)[nH]c2n1,0.33
302-347-02,CCc1nc2ccccc2n1-c1nc(N2CCOCC2)c2nc(CN3CCN(CC3)C(C)(C)C)[nH]c2n1,0.86
302-367-17,CS(=O)(=O)N1CCN(Cc2cc3nc(cc(N4CCOCC4)n3n2)-c2cccc3[nH]ccc23)CC1,4.01
302-374-04,CS(=O)(=O)N1CCN(CC1)C(=O)c1cc2nc(cc(N3CCOCC3)n2n1)-c1cccc2[nH]ccc12,4.5
302-376-04,CC(C)(O)C1CCN(Cc2cc3nc(cc(N4CCOCC4)n3n2)-c2cccc3[nH]ccc23)CC1,4.84
302-389-02,CN(C)C1CCN(Cc2cc3nc(cc(N4CCOCC4)n3n2)-c2cccc3[nH]ccc23)CC1,5.42
302-397-08,CC(C)(O)C1CCN(Cc2cc3nc(cc(N4CCOCC4)n3n2)-c2cncc3[nH]ccc23)CC1,3.88
302-401-02,CC(C)(C)N1CCN(Cc2cc3nc(cc(N4CCOCC4)n3n2)-c2cccc3[nH]ccc23)CC1,5.37
302-403-02,CC(C)(N1CCN(Cc2cc3nc(cc(N4CCOCC4)n3n2)-c2cccc3[nH]ccc23)CC1)C(N)=O,4.13
302-414-03,Cc1nc2ccccc2n1-c1cc(N2CCOCC2)n2nc(CN3CCN(CC3)C(C)(C)C)cc2n1,5.21
302-416-02,CCc1nc2ccccc2n1-c1cc(N2CCOCC2)n2nc(CN3CCN(CC3)C(C)(C)C)cc2n1,5.62
302-420-02,Cc1nc2ccccc2n1-c1cc(N2CCOCC2)n2nc(CN3CCC(CC3)C(C)(C)O)cc2n1,4.65
302-422-02,CC(C)(C)N1CCN(CC1)C(=O)c1cc2nc(cc(N3CCOCC3)n2n1)-c1cccc2[nH]ccc12,5.39
302-423-01,O=C(C1CC1)N1CCN(Cc2cc3nc(cc(N4CCOCC4)n3n2)-c2cccc3[nH]ccc23)CC1,4.58
302-434-05,CC(C)(C)N1CCN(Cc2cc3nc(cc(N4CCOCC4)n3n2)-n2c(nc3ccccc23)C2CC2)CC1,5.83
302-453-01,CC(C)(C)N1CCN(Cc2cc3nc(cc(N4CCOCC4)n3n2)-c2cncc3[nH]ccc23)CC1,4.19
302-462-01,CC(C)(C)N1CCN(Cc2nn3c(cc(nc3c2Cl)-n2c(nc3ccccc23)C(F)F)N2CCOCC2)CC1,5.92
302-472-01,CC(C)(C)N1CCN(Cc2nn3c(cc(nc3c2Br)-n2c(nc3ccccc23)C(F)F)N2CCOCC2)CC1,6.02
302-473-01,Cc1c(CN2CCC(CC2)C(C)(C)O)nn2c(cc(nc12)-c1cccc2[nH]ccc12)N1CCOCC1,5.72
302-482-01,CC(C)(C)N1CCN(CC1)C(=O)c1cc2nc(cc(N3CCOCC3)n2n1)-n1c(nc2ccccc12)C(F)F,5.87
302-484-01,CC(C)(O)C1CCN(CC1)C(=O)c1cc2nc(cc(N3CCOCC3)n2n1)-n1c(nc2ccccc12)C(F)F,4.83
302-488-01,FC(F)c1nc2ccccc2n1-c1cc(N2CCOCC2)n2nc(cc2n1)C(=O)N1CCC(F)(F)CC1,6.06
302-491-01,OC1CCN(CC1)C(=O)c1cc2nc(cc(N3CCOCC3)n2n1)-n1c(nc2ccccc12)C(F)F,4.11
302-492-01,FC(F)c1nc2ccccc2n1-c1cc(N2CCOCC2)n2nc(cc2n1)C(=O)N1CCOCC1,4.75
302-493-01,FC(F)c1nc2ccccc2n1-c1cc(N2CCOCC2)n2nc(cc2n1)C(=O)N1CCC(CC1)C#N,5.09
302-494-01,CNC(=O)CN1CCN(CC1)C(=O)c1cc2nc(cc(N3CCOCC3)n2n1)-n1c(nc2ccccc12)C(F)F,4.02
302-495-01,FC(F)c1nc2ccccc2n1-c1cc(N2CCOCC2)n2nc(CN3CCOCC3)cc2n1,4.8
302-497-01,Cc1c(nn2c(cc(nc12)-n1c(nc2ccccc12)C(F)F)N1CCOCC1)C(=O)N1CCN(CC1)C(C)(C)C,6.28
302-499-01,Cc1c(nn2c(cc(nc12)-n1c(nc2ccccc12)C(F)F)N1CCOCC1)C(=O)N1CCOCC1,5.13
302-500-01,FC(F)c1nc2ccccc2n1-c1cc(N2CCOCC2)n2nc(CN3CCC(F)(F)CC3)cc2n1,6.46
302-503-01,CC(C)(C)OC(=O)N1CCN(Cc2cc3nc(cc(N4CCOCC4)n3n2)-n2c(nc3ccccc23)C(F)F)CC1,6.87
302-505-01,FC(F)c1nc2ccccc2n1-c1cc(N2CCOCC2)n2nc(CN3CCC(CC3)C#N)cc2n1,5.34
302-511-01,FC(F)c1nc2ccccc2n1-c1cc(N2CCOCC2)n2nc(CN3CCN(CC3)C(=O)C3CC3)cc2n1,5.15
302-515-01,CCOC(=O)C1CCCN(Cc2cc3nc(cc(N4CCOCC4)n3n2)-n2c(nc3ccccc23)C(F)F)C1,6.62
302-516-02,CCn1c(CN2CCN(CC2)C(C)(C)C(N)=O)nc2c(nc(nc12)-c1cccc2[nH]ccc12)N1CCOCC1,5.95
302-517-01,Cc1nc2ccccc2n1-c1cc(N2CCOCC2)n2nc(CN3CCN(CC3)C(C)(C)C)c(C)c2n1,6.25
302-520-01,Cc1c(CN2CCN(CC2)C(C)(C)C)nn2c(cc(nc12)-c1cncc2[nH]ccc12)N1CCOCC1,5.41
302-524-01,CCn1c(CN2CCN(CC2)C(C)(C)C(N)=O)nc2c(nc(nc12)-c1c(F)ccc2[nH]ccc12)N1CCOCC1,5.53
302-525-02,NC1CCN(Cc2cc3nc(cc(N4CCOCC4)n3n2)-n2c(nc3ccccc23)C(F)F)C1,4.88
302-528-01,O[C@H]1CCN(Cc2cc3nc(cc(N4CCOCC4)n3n2)-n2c(nc3ccccc23)C(F)F)C1,4.13
302-529-01,C[C@H]1COCCN1Cc1cc2nc(cc(N3CCOCC3)n2n1)-n1c(nc2ccccc12)C(F)F,5.29
302-530-01,C[C@@H]1COCCN1Cc1cc2nc(cc(N3CCOCC3)n2n1)-n1c(nc2ccccc12)C(F)F,5.32
302-538-01,CS(=O)(=O)N1CCN(Cc2cc3nc(cc(N4CCOCC4)n3n2)-n2c(nc3ccccc23)C(F)F)CC1,4.97
302-539-02,Cc1cc2ccccc2n1-c1cc(N2CCOCC2)n2nc(CN3CCC(CC3)C(C)(C)O)cc2n1,5.93
302-540-01,Cc1c(CN2CCN(CC2)C(=O)C2CC2)nn2c(cc(nc12)-n1c(nc2ccccc12)C(F)F)N1CCOCC1,5.69
302-541-02,OCC1CCN(Cc2cc3nc(cc(N4CCOCC4)n3n2)-c2cccc3[nH]ccc23)CC1,4.19
302-542-04,Cc1cc2ccccc2n1-c1nc(N2CCOCC2)c2nc(CN3CCC(CC3)C(C)(C)O)n(C)c2n1,7.78
302-543-01,OC1CCN(CC1)C(=O)c1cc2nc(cc(N3CCOCC3)n2n1)-c1cccc2[nH]ccc12,3.83
302-548-01,O=C(C1CC1)N1CCN(CC1)C(=O)c1cc2nc(cc(N3CCOCC3)n2n1)-c1cccc2[nH]ccc12,4.66
302-549-01,Cc1nc2ccccc2n1-c1nc(N2CCOCC2)c2nc(CN3CCC(CC3)C(C)(C)O)n(C)c2n1,6.04
302-553-02,CN(C)C1CCN(Cc2nc3c(nc(nc3n2C)-c2c[nH]c3ccccc23)N2CCOCC2)CC1,8.37
302-554-02,Cn1c(CN2CCC(CC2)C(C)(C)O)nc2c(nc(nc12)-c1c[nH]c2ccccc12)N1CCOCC1,5.94
302-555-02,CN(C)C1CCN(Cc2cc3nc(cc(N4CCOCC4)n3n2)-c2c[nH]c3ccccc23)CC1,9.73
302-556-01,CC(C)(O)C1CCN(Cc2cc3nc(cc(N4CCOCC4)n3n2)-c2c[nH]c3ccccc23)CC1,4.68
302-557-01,CC(C)(N1CCN(CC1)C(=O)c1cc2nc(cc(N3CCOCC3)n2n1)-c1cccc2[nH]ccc12)C(N)=O,4.1
302-558-01,OCC1CCN(CC1)C(=O)c1cc2nc(cc(N3CCOCC3)n2n1)-c1cccc2[nH]ccc12,3.99
302-560-01,CC(C)(O)C1CCN(CC1)C(=O)c1cc2nc(cc(N3CCOCC3)n2n1)-c1cccc2[nH]ccc12,4.32
302-561-01,CNC(=O)CN1CCN(CC1)C(=O)c1cc2nc(cc(N3CCOCC3)n2n1)-c1cccc2[nH]ccc12,3.82
302-562-01,O=C(N1CCC(CC1)N1CCOCC1)c1cc2nc(cc(N3CCOCC3)n2n1)-c1cccc2[nH]ccc12,4.08
302-563-01,CC1(O)CCN(CC1)C(=O)c1cc2nc(cc(N3CCOCC3)n2n1)-c1cccc2[nH]ccc12,4.02
302-564-01,NC(=O)C1CCN(CC1)C(=O)c1cc2nc(cc(N3CCOCC3)n2n1)-c1cccc2[nH]ccc12,3.69
302-565-01,FC(F)c1nc2ccccc2n1-c1cc(N2CCOCC2)n2nc(cc2n1)C(=O)N1CCN(CC1)C(=O)C1CC1,4.49
302-566-01,C(N1CCOCC1)c1cc2nc(cc(N3CCOCC3)n2n1)-c1cccc2[nH]ccc12,4.27
302-567-01,OC1CCN(Cc2cc3nc(cc(N4CCOCC4)n3n2)-c2cccc3[nH]ccc23)CC1,3.89
302-568-01,CNC(=O)CN1CCN(Cc2cc3nc(cc(N4CCOCC4)n3n2)-c2cccc3[nH]ccc23)CC1,3.87
302-569-01,C(N1CCC(CC1)N1CCOCC1)c1cc2nc(cc(N3CCOCC3)n2n1)-c1cccc2[nH]ccc12,4.5
302-570-01,NC(=O)C1CCN(Cc2cc3nc(cc(N4CCOCC4)n3n2)-c2cccc3[nH]ccc23)CC1,3.81
302-571-01,CC1(O)CCN(Cc2cc3nc(cc(N4CCOCC4)n3n2)-c2cccc3[nH]ccc23)CC1,4.01
302-572-01,O=C(N1CCOCC1)c1cc2nc(cc(N3CCOCC3)n2n1)-c1cccc2[nH]ccc12,4.29
302-573-01,[H][C@@]1(O)CCN(Cc2cc3nc(cc(N4CCOCC4)n3n2)-c2cccc3[nH]ccc23)C1,3.77
302-574-01,[H][C@]1(O)CCN(Cc2cc3nc(cc(N4CCOCC4)n3n2)-c2cccc3[nH]ccc23)C1,3.77
302-577-01,CC(C)(C)N1CCN(Cc2cc3nc(cc(N4CCOCC4)n3n2)N2c3ccccc3NC2(O)C(F)F)CC1,4.77
302-578-01,CN1CCN(Cc2cc3nc(cc(N4CCOCC4)n3n2)-n2c(nc3ccccc23)C(F)F)CC1,4.53
302-579-01,CC(C)N1CCN(Cc2cc3nc(cc(N4CCOCC4)n3n2)-n2c(nc3ccccc23)C(F)F)CC1,5.41
302-580-01,Cc1c(nn2c(cc(nc12)-n1c(nc2ccccc12)C(F)F)N1CCOCC1)C(=O)N1CCC(CC1)N1CCOCC1,4.78
305-632-02,[H][C@]1(O)CC[C@@]([H])(CC1)n1cc(NCCCC)c2cnc(nc12)-c1cnn(c1)C1CCN(C)CC1,4.16
305-645-02,CN1CCN(Cc2ccc(s2)-c2ncc3c(NCCCC(F)(F)F)cn(C4CC[C@H](O)CC4)c3n2)CC1,5.24
305-646-02,O[C@H]1CCC(CC1)n1cc(NCCCC(F)(F)F)c2cnc(nc12)-c1ccc(CN2CCOCC2)s1,5.28
305-683-02,CCCCNc1cn(C2CC[C@H](O)CC2)c2nc(ncc12)-c1ccc(cc1)C(=O)N1CCOCC1,4.2
305-687-01,CN1CCN(Cc2ccc(cc2)-c2ncc3c(cn([C@H]4CC[C@H](O)CC4)c3n2)[N+]([O-])=O)CC1,4.39
305-712-02,CN1CCN(Cc2ccc(cc2)-c2ncc3c(NC(=O)CC=C)cn([C@H]4CC[C@H](O)CC4)c3n2)CC1,3.12
305-719-01,CN1CCN(Cc2ccc(cc2)-c2ncc3c(NC(=O)CC4CC4)cn(C4CC[C@H](O)CC4)c3n2)CC1,3.36
305-727-02,CCCCNc1cn(C2CC[C@H](O)CC2)c2nc(ncc12)-c1ccc(N)cc1,3.53
305-728-02,CCCCNc1cn(C2CC[C@H](O)CC2)c2nc(ncc12)-c1ccc(CN2CCS(=O)(=O)CC2)cc1,4.84
305-730-01,CN1CCN(Cc2ccc(cc2)-c2ncc3c(NC=O)cn([C@H]4CC[C@H](O)CC4)c3n2)CC1,2.21
305-735-02,CCCCNc1cn([C@H]2CC[C@H](O)CC2)c2nc(ncc12)-c1ccc(C#N)c(c1)N1CCOCC1,5.92
305-736-02,CCCCNc1cn([C@H]2CC[C@H](O)CC2)c2nc(ncc12)-c1ccc(N2CCOCC2)c(c1)N(=O)=O,6.08
305-743-02,CCCCNc1cn([C@H]2CC[C@H](O)CC2)c2nc(ncc12)-c1ccc(C(=O)N2CCOCC2)c(F)c1,4.48
305-744-02,CCCCNc1cn([C@H]2CC[C@H](O)CC2)c2nc(ncc12)-c1ccc(cc1)C(=O)N1CCNCC1,3.29
305-747-02,CCCCNc1cn([C@H]2CC[C@H](O)CC2)c2nc(ncc12)-c1ccc(CNC(C)(C)C)cc1,7.74
305-748-02,CCCCNc1cn([C@H]2CC[C@H](O)CC2)c2nc(ncc12)-c1ccc(CN2CCSCC2)cc1,6.92
305-750-02,CCCCNc1cn([C@H]2CC[C@H](O)CC2)c2nc(ncc12)-c1ccc(cc1)C1CCOCC1,6.36
305-752-02,CN1CCN(Cc2ccc(cc2)-c2ncc3c(NCC4CC4)cn(C4CC[C@H](O)CC4)c3n2)CC1,4.59
305-756-02,O[C@H]1CCC(CC1)n1cc(NCCC2CC2)c2cnc(nc12)-c1ccc(cc1)N1CCOCC1,5.62
305-757-02,Nc1ccc(cc1)-c1ncc2c(NCCC3CC3)cn(C3CC[C@H](O)CC3)c2n1,3.59
305-758-02,O[C@H]1CCC(CC1)n1cc(NCCC2CC2)c2cnc(nc12)-c1ccc(CN2CCS(=O)(=O)CC2)cc1,4.94
305-761-02,CN1CCN(CC1)c1ccc(cc1)-c1ncc2c(NCCC3CC3)cn(C3CC[C@H](O)CC3)c2n1,5.48
305-762-02,O[C@H]1CCC(CC1)n1cc(NCCC2CC2)c2cnc(nc12)-c1ccc(CN2CCSCC2)cc1,7.02
305-763-02,O[C@H]1CCC(CC1)n1cc(NCCC2CC2)c2cnc(nc12)-c1ccc(cc1)C1CCOCC1,6.36
305-764-02,O[C@H]1CCC(CC1)n1cc(NCC2CC2)c2cnc(nc12)-c1ccc(CN2CCSCC2)cc1,6.31
305-765-02,OC1CCC(CC1)n1cc(NCC2CC2)c2cnc(nc12)-c1ccc(cc1)S(=O)(=O)N1CCOCC1,4.82
305-766-02,OC1CCC(CC1)n1cc(NCC2CC2)c2cnc(nc12)-c1ccc(cc1)C(=O)N1CCOCC1,3.74
305-779-02,O[C@H]1CCC(CC1)n1cc(NCCC2CC2)c2cnc(nc12)-c1ccc(C#N)c(c1)N1CCOCC1,6.03
305-780-02,O[C@H]1CCC(CC1)n1cc(NCCC2CC2)c2cnc(nc12)-c1ccc(N2CCOCC2)c(c1)[N+]([O-])=O,6.19
305-790-02,CN1CCN(CC1)c1ncc(cn1)-c1ncc2c(NCC3CC3)cn(C3CCC(O)CC3)c2n1,4.28
305-791-02,OC1CCC(CC1)n1cc(NCC2CC2)c2cnc(nc12)-c1cncnc1,2.98
305-794-02,O[C@H]1CCC(CC1)n1cc(NCCC2CC2)c2cnc(nc12)-c1ccc(C(=O)N2CCOCC2)c(F)c1,4.52
305-795-02,CC(C)(C)OC(=O)N1CCN(CC1)C(=O)c1ccc(cc1)-c1ncc2c(NCCC3CC3)cn(C3CC[C@H](O)CC3)c2n1,5.93
305-796-02,CC(C)(C)NCc1ccc(cc1)-c1ncc2c(NCCC3CC3)cn(C3CC[C@H](O)CC3)c2n1,7.78
305-810-02,Nc1ccc(cc1)-c1ncc2c(NCCCC(F)(F)F)cn(C3CC[C@H](O)CC3)c2n1,3.57
305-811-02,O[C@H]1CCC(CC1)n1cc(NCCCC(F)(F)F)c2cnc(nc12)-c1ccc(CN2CCSCC2)cc1,6.59
305-821-02,CN1CCN(Cc2ccc(cc2)-c2ncc3c(NCCOc4ccccc4)cn(C4CCC(O)CC4)c3n2)CC1,5.4
306-032-03,CN(C)[C@@H](COCc1ccccc1)C(=O)N[C@H]1COc2ccccc2N(C)C1=O,5.62
306-032-04,CN[C@@H](COCc1ccccc1)C(=O)N[C@H]1COc2ccccc2N(C)C1=O,4.79
306-033-01,CN1c2ccccc2OC[C@H](NC(=O)c2n[nH]c3ccccc23)C1=O,4.64
306-043-03,CN1c2ccccc2OC[C@H](NC(=O)C(N)Cc2c[nH]c3ccccc23)C1=O,3.46
306-044-02,CN1c2ccccc2OC[C@H](NC(=O)[C@@H](N)Cc2ccccc2)C1=O,3.76
306-045-03,CN1c2ccccc2OC[C@H](NC(=O)[C@@H](N)Cc2ccc(OCc3ccccc3)cc2)C1=O,5.73
306-046-02,CN1c2ccccc2OC[C@H](NC(=O)[C@@H](N)Cc2ccc(O)cc2)C1=O,2.04
306-046-04,CN(C)[C@@H](Cc1ccc(O)cc1)C(=O)N[C@H]1COc2ccccc2N(C)C1=O,3.05
306-046-05,CN[C@@H](Cc1ccc(O)cc1)C(=O)N[C@H]1COc2ccccc2N(C)C1=O,1.96
306-047-02,CN1c2ccccc2OC[C@H](NC(=O)[C@H](N)Cc2ccccc2)C1=O,3.53
306-048-01,CC(C)C[C@H](NC(=O)OC(C)(C)C)C(=O)N[C@H]1COc2ccccc2N(C)C1=O,5.9
306-048-02,CC(C)C[C@H](N)C(=O)N[C@H]1COc2ccccc2N(C)C1=O,3.26
306-049-02,CC(C)C[C@@H](N)C(=O)N[C@@H]1COc2ccccc2N(C)C1=O,3.33
306-050-04,CN1c2ccccc2OC[C@H](NC(=O)[C@@H](N)Cc2c[nH]cn2)C1=O,1.16
306-054-01,CC(O)C(=O)N[C@H]1COc2ccccc2N(C)C1=O,1.81
306-055-01,CN1c2ccccc2OC[C@H](NC(=O)CO)C1=O,1.44
306-056-01,CN1c2ccccc2OC[C@H](NC(=O)[C@H](O)c2ccccc2)C1=O,3.57
306-057-01,CN1c2ccccc2OC[C@H](NC(=O)[C@@H](O)c2ccccc2)C1=O,3.74
306-058-01,COC(C)C(=O)N[C@H]1COc2ccccc2N(C)C1=O,2.79
306-059-01,CC(OCc1ccccc1)C(=O)N[C@H]1COc2ccccc2N(C)C1=O,5.51
306-060-01,COCC(=O)N[C@H]1COc2ccccc2N(C)C1=O,2.35
306-061-01,CO[C@@H](C(=O)N[C@H]1COc2ccccc2N(C)C1=O)c1ccccc1,4.87
306-062-01,CO[C@H](C(=O)N[C@H]1COc2ccccc2N(C)C1=O)c1ccccc1,5
306-063-01,CN1c2ccccc2OC[C@H](NC(=O)COCc2ccccc2)C1=O,5.11
306-064-01,CN1c2ccccc2OC[C@H](NC(=O)[C@@H](OCc2ccccc2)c2ccccc2)C1=O,6.86
306-065-01,CN1c2ccccc2OC[C@H](NC(=O)[C@H](OCc2ccccc2)c2ccccc2)C1=O,6.76
306-066-04,CN1c2ccccc2OC[C@H](Nc2nc(Cl)nc(NCc3ccccc3)n2)C1=O,5.77
306-066-05,CN1c2ccccc2OC[C@H](Nc2ncnc(NCc3ccccc3)n2)C1=O,4.37
306-067-03,CN(Cc1ccccc1)c1ncnc(N[C@H]2COc3ccccc3N(C)C2=O)n1,5.43
306-068-02,CN1c2ccccc2OC[C@H](Nc2nc(Cl)nc(NCc3cccc(F)c3)n2)C1=O,5.88
306-068-04,CN1c2ccccc2OC[C@H](Nc2ncnc(NCc3cccc(F)c3)n2)C1=O,4.51
306-069-02,CN1c2ccccc2OC[C@H](Nc2nc(Cl)nc(NCCc3ccc(Br)cc3)n2)C1=O,6.96
306-069-03,CN1c2ccccc2OC[C@H](Nc2ncnc(NCCc3ccccc3)n2)C1=O,4.84
306-070-02,CN1c2ccccc2OC[C@H](Nc2ncnc(NCc3ccccc3F)n2)C1=O,4.5
306-072-02,CN1c2ccccc2OC[C@H](NC(=O)[C@@H](N)Cc2c[nH]c3ccccc23)C1=O,3.48
306-073-02,CN1c2ccccc2OC[C@H](NC(=O)[C@H](N)Cc2c[nH]c3ccccc23)C1=O,3.38
306-074-02,C[C@@H](OCc1ccccc1)[C@H](N)C(=O)N[C@H]1COc2ccccc2N(C)C1=O,4.62
306-075-02,C[C@H](OCc1ccccc1)[C@@H](N)C(=O)N[C@H]1COc2ccccc2N(C)C1=O,4.45
306-076-01,C[C@@H](Nc1nc(Cl)nc(N[C@H]2COc3ccccc3N(C)C2=O)n1)c1ccccc1,6.19
306-076-02,C[C@@H](Nc1ncnc(N[C@H]2COc3ccccc3N(C)C2=O)n1)c1ccccc1,4.88
306-077-02,C[C@H](Nc1ncnc(N[C@H]2COc3ccccc3N(C)C2=O)n1)c1ccccc1,4.75
306-078-02,CN1c2ccccc2OC[C@H](NC(=O)[C@H](N)CSCc2ccccc2)C1=O,4.76
306-078-04,CN[C@H](CSCc1ccccc1)C(=O)N[C@H]1COc2ccccc2N(C)C1=O,5.47
306-078-05,CN(C)[C@H](CSCc1ccccc1)C(=O)N[C@H]1COc2ccccc2N(C)C1=O,5.95
306-079-02,CN1c2ccccc2OC[C@H](NC(=O)[C@@H](N)CSCc2ccccc2)C1=O,4.62
306-079-03,CN(C)[C@@H](CSCc1ccccc1)C(=O)N[C@H]1COc2ccccc2N(C)C1=O,5.74
306-079-04,CN[C@@H](CSCc1ccccc1)C(=O)N[C@H]1COc2ccccc2N(C)C1=O,5.24
306-080-01,CO[C@@](C(=O)N[C@H]1COc2ccccc2N(C)C1=O)(c1ccccc1)C(F)(F)F,6.89
306-081-01,CO[C@](C(=O)N[C@H]1COc2ccccc2N(C)C1=O)(c1ccccc1)C(F)(F)F,6.51
306-085-01,CCO[C@H](C(=O)N[C@H]1COc2ccccc2N(C)C1=O)c1ccccc1,5.72
306-086-01,CCCO[C@H](C(=O)N[C@H]1COc2ccccc2N(C)C1=O)c1ccccc1,6.49
306-087-02,CN1c2ccccc2OC[C@H](NC(=O)[C@H](N)CS(=O)(=O)Cc2ccccc2)C1=O,3.74
306-088-02,CN1c2ccccc2OC[C@H](NC(=O)[C@@H](N)CS(=O)(=O)Cc2ccccc2)C1=O,3.69
306-089-13,CN1c2ccccc2OC[C@H](NC(=O)[C@@H](N)CNCc2ccccc2)C1=O,4.03
306-091-01,CN1c2ccccc2OC[C@H](NC(=O)C(=O)c2ccccc2)C1=O,5.12
306-092-01,CN1c2ccccc2OC[C@H](NC(=O)[C@@H](O)Cc2ccccc2)C1=O,4.23
306-092-02,CO[C@@H](Cc1ccccc1)C(=O)N[C@H]1COc2ccccc2N(C)C1=O,5.34
306-093-01,CN1c2ccccc2OC[C@H](NC(=O)C(=O)CCc2ccccc2)C1=O,6.11
306-094-04,CN1c2ccccc2OC[C@H](NC(=O)[C@H](N)COCc2ccccc2)C1=O,3.97
306-095-02,CN1c2ccccc2OC[C@H](NC(=O)[C@@H](N)Cc2ccncc2)C1=O,1.77
306-096-02,CN1c2ccccc2OC[C@H](NC(=O)[C@H](N)Cc2ccncc2)C1=O,1.72
306-097-02,CN1c2ccccc2OC[C@H](NC(=O)[C@@H](N)Cc2cccnc2)C1=O,1.83
306-098-02,CN1c2ccccc2OC[C@H](NC(=O)[C@H](N)Cc2cccnc2)C1=O,1.77
306-099-01,CN1c2ccccc2OC[C@H](NC(=O)[C@H](O)Cc2ccccc2)C1=O,4.02
306-099-02,CO[C@H](Cc1ccccc1)C(=O)N[C@H]1COc2ccccc2N(C)C1=O,5.16
306-100-01,CN1c2ccccc2OC[C@H](NC(=O)[C@H](O)CCc2ccccc2)C1=O,4.55
306-100-02,CO[C@H](CCc1ccccc1)C(=O)N[C@H]1COc2ccccc2N(C)C1=O,5.81
306-101-01,CN1c2ccccc2OC[C@H](NC(=O)[C@@H](O)CCc2ccccc2)C1=O,4.74
306-101-02,CO[C@@H](CCc1ccccc1)C(=O)N[C@H]1COc2ccccc2N(C)C1=O,5.93
306-102-02,CN1c2ccccc2OC[C@H](NC(=O)[C@H](N)Cc2cccc(c2)C#N)C1=O,3.33
306-103-02,CN1c2ccccc2OC[C@H](NC(=O)[C@@H](N)Cc2cccc(c2)C#N)C1=O,3.41
306-104-02,CN1c2ccccc2OC[C@H](NC(=O)[C@@H](N)c2ccccc2)C1=O,3.26
306-105-02,CN1c2ccccc2OC[C@H](NC(=O)[C@H](N)c2ccccc2)C1=O,3.27
306-106-02,CN1c2ccccc2OC[C@H](NC(=O)[C@@H](N)CCc2ccccc2)C1=O,4.21
306-107-02,CN1c2ccccc2OC[C@H](NC(=O)[C@@H]2C[C@H](CN2)OCc2ccccc2)C1=O,4.89
306-108-02,CN1c2ccccc2OC[C@H](NC(=O)[C@H]2Cc3c(CN2)[nH]c2ccccc32)C1=O,4.29
306-109-02,CN1c2ccccc2OC[C@H](NC(=O)[C@H](N)CCC(=O)OCc2ccccc2)C1=O,1.25
306-110-02,CN1c2ccccc2OC[C@H](NC(=O)[C@H](N)CCc2ccccc2)C1=O,4.18
306-112-02,CN1c2ccccc2OCC(NC(=O)[C@H](N)Cc2ccc(cc2)C#N)C1=O,3.38
306-113-02,CN1c2ccccc2OCC(NC(=O)[C@@H](N)Cc2ccc(cc2)C#N)C1=O,3.26
306-114-05,CN1c2ccccc2OC[C@H](NC(=O)[C@@H](N)COC(=O)c2ccccc2)C1=O,2.79
306-115-03,C[C@@H](N(C)Cc1ccccc1)C(=O)NC1COc2ccccc2N(C)C1=O,6.37
306-116-03,C[C@H](NCc1ccccc1)C(=O)N[C@@H]1COc2ccccc2N(C)C1=O,5.31
306-118-02,CN1c2ccccc2OC[C@H](NC(=O)[C@H](CO)NC(=O)Cc2ccccc2)C1=O,2.97
306-119-03,CN1c2ccccc2OC[C@H](NC(=O)[C@@H](N)CCOC(=O)c2ccccc2)C1=O,3.98
306-121-01,CN1c2ccccc2OC[C@H](NC(=O)CCCc2c[nH]c3ccccc23)C1=O,5
306-122-01,CN1c2ccccc2OC[C@H](NC(=O)CCc2c[nH]c3ccccc23)C1=O,4.53
306-124-05,CN1c2ccccc2OC[C@H](NC(=O)C2(CC2)NCc2ccccc2)C1=O,5.43
306-127-01,CN1c2ccccc2OC[C@H](NC(=O)COC(=O)Cc2ccccc2)C1=O,4.93
306-128-01,CN1c2ccccc2OC[C@H](NC(=O)COC(=O)c2ccccc2)C1=O,4.85
306-129-02,CN1c2ccccc2OC[C@H](NC(=O)[C@H](N)COC(=O)c2ccccc2)C1=O,4.12
306-130-02,CN1c2ccccc2OC[C@H](NC(=O)[C@@H](CO)NC(=O)Cc2ccccc2)C1=O,3.54
306-132-01,CN1c2ccccc2OC[C@H](NC(=O)C2(CC2)NC(=O)c2ccccc2)C1=O,4.02
306-135-01,CC#C[C@@H](CC(=O)N[C@H]1COc2ccccc2N(C)C1=O)c1ccc(O)cc1,3.96
306-136-01,CN1c2ccccc2OC[C@H](NC(=O)C(=O)Nc2c(C)cccc2C)C1=O,5.46
306-137-01,C[C@H](OCc1ccccc1)C(=O)N[C@H]1COc2ccccc2N(C)C1=O,5.28
306-138-01,C[C@@H](OCc1ccccc1)C(=O)N[C@H]1COc2ccccc2N(C)C1=O,5.22
306-139-03,CN1c2ccccc2OC[C@H](NC(=O)C(=O)NCc2ccccc2)C1=O,4.88
306-141-03,C[C@@H](NC(=O)c1ccccc1)C(=O)N[C@H]1COc2ccccc2N(C)C1=O,4.77
306-142-03,C[C@@H](N(C)C(=O)c1ccccc1)C(=O)N[C@H]1COc2ccccc2N(C)C1=O,4.34
306-143-01,CN1c2ccccc2OC[C@H](NC(=O)C2(CC2)NC(=O)Cc2ccccc2)C1=O,4.09
306-145-01,C[C@@H](N(C)C(=O)Cc1ccccc1)C(=O)N[C@H]1COc2ccccc2N(C)C1=O,4.5
306-146-01,CN1c2ccccc2OC[C@H](NC(=O)C=CC(=O)c2ccccc2)C1=O,5.36
306-147-01,CN1c2ccccc2OC[C@H](NC(=O)CC=Cc2ccccc2)C1=O,5.59
306-148-01,C[C@@H](N(C)Cc1ccccc1)C(=O)N[C@H]1COc2ccccc2N(C)C1=O,6.07
306-149-01,C[C@@H](N(C)CCc1ccccc1)C(=O)N[C@H]1COc2ccccc2N(C)C1=O,6.21
306-151-01,C[C@H](OC(=O)c1ccccc1)C(=O)N[C@H]1COc2ccccc2N(C)C1=O,5.57
306-152-01,CN1c2ccccc2OC[C@H](NC(=O)C=Cc2cccc(O)c2)C1=O,4.04
306-153-02,CN1c2ccccc2OC[C@H](NC(=O)[C@@H](N)CC(=O)OCc2ccccc2)C1=O,4.25
306-154-01,C[C@@H](NC(=O)Cc1ccccc1)C(=O)N[C@H]1COc2ccccc2N(C)C1=O,4.84
306-157-01,C[C@@H](N(Cc1ccccc1)Cc1ccccc1)C(=O)N[C@H]1COc2ccccc2N(C)C1=O,7.01
306-158-01,C[C@@H](NCCc1ccccc1)C(=O)N[C@H]1COc2ccccc2N(C)C1=O,5.51
306-159-01,CN1c2ccccc2OC[C@H](NC(=O)C=Cc2ccc(Cl)cc2)C1=O,5.88
306-160-01,CN1c2ccccc2OC[C@@H](NC(=O)CCC(=O)c2ccccc2)C1=O,5.13
306-161-01,CN1c2ccccc2OC[C@@H](NC(=O)C=Cc2cccc(Cl)c2)C1=O,5.91
306-162-01,C[C@@H](OC(=O)c1ccccc1)C(=O)N[C@H]1COc2ccccc2N(C)C1=O,5.39
306-163-01,C[C@H](OC(=O)Cc1ccccc1)C(=O)N[C@H]1COc2ccccc2N(C)C1=O,5.34
306-164-01,C[C@@H](OC(=O)Cc1ccccc1)C(=O)N[C@H]1COc2ccccc2N(C)C1=O,5.39
306-165-01,CN1c2ccccc2OC[C@H](NC(=O)C2(CC2)NCCc2ccccc2)C1=O,6.23
306-176-01,CN1c2ccccc2OC[C@H](NC(=O)CNC(=O)Cc2ccccc2)C1=O,3.25
306-180-02,CN1c2ccccc2OC[C@H](NC(=O)[C@@H](N)CC(=O)NCc2ccccc2)C1=O,2.91
306-181-01,CN1c2ccccc2OC[C@H](NC(=O)CCCCc2ccccc2)C1=O,5.88
306-602-01,CN1c2ccccc2OC[C@H](NC(=O)c2ccc(O)cc2)C1=O,0.22
306-610-01,COc1cc(cc(OC)c1OC)C(=O)N[C@H]1COc2ccccc2N(C)C1=O,5.24
306-611-01,CN1c2ccccc2OC[C@H](NC(=O)Cc2ccccc2F)C1=O,4.49
306-612-01,CN1c2ccccc2OC[C@H](NC(=O)C=CC(=O)c2ccc(Cl)cc2)C1=O,5.71
306-619-01,CCOc1ccc(cc1)C(=O)N[C@H]1COc2ccccc2N(C)C1=O,5.13
306-622-01,CCC(=O)N[C@H]1COc2ccccc2N(C)C1=O,2.18
306-656-01,CN1c2ccccc2OC[C@H](NC(=O)c2cccc(O)n2)C1=O,1.82
306-664-01,CN1c2ccccc2OC[C@H](NC(=O)C=Cc2ccc(O)cc2)C1=O,1.65
306-669-01,CN1c2ccccc2OC[C@H](NC(=O)c2cc(C)[nH]n2)C1=O,3.47
307-002-07,COC(=O)c1nn(C)cc1NC(=O)c1cccc(CN2CCN(C)CC2)c1,1.91
307-003-09,Cn1cc(NC(=O)c2cccc(CN3CCN(CC3)C(=O)C3CC3)c2)c(n1)C(=O)NC1CCCC1,5.46
307-004-07,COC(=O)c1nn(C)cc1NC(=O)c1ccc(CN2CCN(C)CC2)cc1,1.77
307-004-09,CN1CCN(Cc2ccc(cc2)C(=O)Nc2cn(C)nc2C(=O)NC2CCCC2)CC1,4.64
307-007-06,CC(=O)N1CCN(Cc2ccc(cc2)C(=O)Nc2cn(C)nc2C(=O)Nc2ccc(C)c(c2)C(F)(F)F)CC1,6.66
307-008-06,Cc1ccc(NC(=O)c2nn(C)cc2NC(=O)c2ccc(CN3CCN(CC3)C(=O)C3CC3)cc2)cc1C(F)(F)F,7.96
307-010-01,CC(=O)N1CCN(Cc2cccc(c2)C(=O)Nc2cn(C)nc2C(=O)Nc2ccc(C)c(c2)C(F)(F)F)CC1,6.89
307-011-03,CN1CCN(Cc2cccc(c2)C(=O)Nc2cnn(C)c2C(=O)Nc2ccc(C)c(c2)C(F)(F)F)CC1,4.02
307-012-03,CN1CCN(Cc2cccc(c2)C(=O)Nc2c[nH]nc2C(=O)Nc2ccc(C)c(c2)C(F)(F)F)CC1,6.6
307-013-03,CN1CCN(Cc2cccc(c2)C(=O)Nc2cn(C)nc2C(=O)Nc2ccccc2)CC1,5.52
307-014-03,CN1CCN(Cc2cccc(c2)C(=O)Nc2cn(C)nc2C(=O)Nc2cccc(c2)C(F)(F)F)CC1,7.42
307-015-03,CN1CCN(Cc2cccc(c2)C(=O)Nc2cn(C)nc2C(=O)Nc2ccc(C)cc2)CC1,6.5
307-016-03,CN1CCN(Cc2cccc(c2)C(=O)Nc2cn(C)nc2C(=O)Nc2ccc(F)cc2)CC1,5.69
307-017-02,CCN1CCN(Cc2cccc(c2)C(=O)Nc2cn(C)nc2C(=O)Nc2ccc(C)c(c2)C(F)(F)F)CC1,9.18
307-021-03,CN1CCN(Cc2cccc(c2)C(=O)Nc2cn(C)nc2C(=O)Nc2ccccc2C)CC1,5.24
307-026-01,CN1CCN(Cc2ccc(cc2)C(=O)Nc2cn(C)nc2C(=O)Nc2ccc(C)c(c2)C(F)(F)F)CC1,8.35
307-027-03,CN1CCN(Cc2cccc(c2)C(=O)Nc2cn(C)nc2C(=O)NCc2cccc(F)c2)CC1,5.06
307-028-03,Cc1ccc(NC(=O)c2nn(C)cc2NC(=O)c2ccccc2)cc1C(F)(F)F,9.01
307-029-03,CN1CCN(Cc2cccc(c2)C(=O)Nc2cn(C)nc2C(=O)Nc2ccc(C)c(C)c2)CC1,6.83
307-030-01,CN1CCN(CC1)c1ccc(cc1)C(=O)Nc1cn(C)nc1C(=O)Nc1ccc(C)c(c1)C(F)(F)F,7.07
307-031-01,Cc1ccc(NC(=O)c2nn(C)cc2NC(=O)c2ccc(cc2)N2CCOCC2)cc1C(F)(F)F,8.43
307-032-02,CN1CCN(Cc2cccc(c2)C(=O)Nc2cn(C)nc2C(=O)NCc2ccc(C)c(c2)C(F)(F)F)CC1,6.82
307-034-01,COc1ccccc1NC(=O)c1nn(C)cc1NC(=O)c1cccc(CN2CCN(C)CC2)c1,6.75
307-035-01,COc1cccc(NC(=O)c2nn(C)cc2NC(=O)c2cccc(CN3CCN(C)CC3)c2)c1,6.26
307-036-01,COc1ccc(NC(=O)c2nn(C)cc2NC(=O)c2cccc(CN3CCN(C)CC3)c2)cc1,6.1
307-037-01,CN1CCN(Cc2ccc(cc2)C(=O)Nc2cn(C)nc2C(=O)Nc2cccc(c2)C(F)(F)F)CC1,5.86
307-038-01,CN1CCN(Cc2ccc(cc2)C(=O)Nc2cn(C)nc2C(=O)Nc2ccc(F)cc2)CC1,4.93
307-039-01,CN1CCN(CC1)c1ccc(cc1)C(=O)Nc1cn(C)nc1C(=O)Nc1cccc(c1)C(F)(F)F,6.1
307-041-01,CN1CCN(Cc2cccc(c2)C(=O)Nc2cn(C)nc2C(=O)Nc2cccc(C)c2)CC1,5.47
307-050-01,CN1CCN(Cc2cccc(c2)C(=O)Nc2cn(C)nc2C(=O)Nc2cccc(C)n2)CC1,5.13
307-204-03,Cn1ncc(C(=O)NC2CCN(Cc3ccccc3)CC2)c1N,1.83
307-205-02,Nc1c(cnn1-c1ccccc1)C(=O)NC1CCN(CC1)c1ccccc1,4.8
307-206-05,Nc1c([nH]nc1-c1ccccc1)C(=O)NC1CCN(Cc2ccccc2)CC1,4.48
307-207-03,Nc1c(cnn1-c1ccccc1)C(=O)NC1CCCN(Cc2ccccc2)C1,4.92
307-209-04,Nc1c(cnn1-c1ccccc1)C(=O)NC1CCN(Cc2cccc3ccccc23)CC1,6.8
307-210-04,COc1ccccc1CN1CCC(CC1)NC(=O)c1cnn(c1N)-c1ccccc1,4.6
307-500-05,CC(CN(C)C)c1ccc(cc1)-c1cccc2cc(nn12)C(N)=O,5.57
307-503-06,CC(CN(C)C)c1ccc(cc1)-c1cccc2[nH]c(cc12)C(N)=O,4.97
307-504-10,CC(CN(C)C)c1ccc(cc1)-c1cc(n2nc(cc2n1)C(N)=O)C(F)(F)F,5.85
307-507-01,CC(CN(C)C)c1ccc(cc1)-c1cccc2[nH]ccc12,7.61
307-508-05,CC(CN(C)C)c1ccc(cc1)-c1c(O)ccc2[nH]ccc12,4.91
307-509-03,CCOC(=O)c1cc2c(c(OC)ccc2[nH]1)-c1ccc(cc1)C(C)CN(C)C,8.35
307-512-01,CC(CN(C)C)c1ccc(cc1)-c1c(O)ccc2[nH]c(cc12)C(N)=O,4.24
307-524-01,COc1c(Br)c(C)c2[nH]c(cc2c1-c1ccc(cc1)C(C)CN(C)C)C(N)=O,5.71
307-525-01,CCOC(=O)c1cc2c(c(OC)cc(C)c2[nH]1)-c1ccc(cc1)C(C)CN(C)C,6.93
307-526-01,COc1cc(C)c2[nH]c(cc2c1-c1ccc(cc1)C(C)CN(C)C)C(N)=O,4.82
307-600-05,CN(C)C1CCN(Cc2cc3nc(cc(N(C)C)n3n2)-c2cccc3[nH]ccc23)CC1,6.64
307-603-02,CN(C)c1cc(nc2cc(CN3CCN(C)CC3)nn12)-c1cccc2[nH]ccc12,5.23
307-608-02,CN(C)c1cc(nc2cc(CN3CCN(C)CC3)nn12)-n1cnc2ccccc12,5.32
307-611-04,CN(C)c1cc(nc2cc(CN3CCN(C)CC3)nn12)-n1c(nc2ccccc12)C(N)=O,4.57
307-612-02,CN(C)C1CCN(Cc2cc3nc(cc(N(C)C)n3n2)-n2cnc3ccccc23)CC1,4.29
307-617-01,CN(C)C1CCN(Cc2cc3nc(cc(N(C)C)n3n2)-n2c(nc3ccccc23)C(N)=O)CC1,3.52
504-001-01,c1ncc([nH]1)-c1c[nH]c2ccccc12,10.81
504-002-02,Cn1cncc1-c1c[nH]c2cccc(F)c12,5.97
504-003-01,Cn1cncc1-c1c[nH]c2ccc(I)cc12,7.18
504-005-02,Fc1cccc2[nH]cc(-c3cnc[nH]3)c12,5.32
504-010-02,Cn1nccc1-c1c[nH]c2ccccc12,6.41
504-029-01,COc1ccc2[nH]cc(-c3nccn3C)c2c1,2.75
504-043-01,Cn1cncc1-c1c[nH]c2ccc(cc12)C(=O)NN1CC2CCCC2C1,2.97
504-045-05,N#Cc1ccc2[nH]cc(-c3cncn3CCOc3ccccc3)c2c1,4.5
504-049-01,Cn1cncc1-c1c[nH]c2ccc(cc12)C(=O)NC1CCCC(O)C1,0.94
504-050-01,Cn1cncc1-c1c[nH]c2ccc(cc12)C(=O)NC1CCC(O)CC1,0.54
504-059-01,CC(NC(=O)c1ccc2[nH]cc(-c3cncn3C)c2c1)C#C,2.1
504-093-01,CC[C@H](C)NC(=O)c1ccc2[nH]cc(-c3cncn3C)c2c1,2.59
504-094-01,Cn1cncc1-c1c[nH]c2ccc(C=O)cc12,2.44
504-095-01,CC(O)c1ccc2[nH]cc(-c3cncn3C)c2c1,1.68
504-096-01,CC(=C)c1ccc2[nH]cc(-c3cncn3C)c2c1,4.12
504-101-01,Cn1cncc1-c1c[nH]c2ccc(O)c(F)c12,1.42
504-115-01,Cn1cncc1-c1c[nH]c2c(F)cc(C(N)=O)c(F)c12,1.26
504-117-01,COc1ccc2[nH]cc(-c3cnc[nH]3)c2c1,4.8
504-135-01,Cn1cncc1-c1c[nH]c2ccc(CO)cc12,1.17
504-136-01,CC(=O)Oc1ccc2[nH]cc(-c3cncn3C)c2c1,2.8
504-138-01,CCn1cncc1-c1c[nH]c2ccc(OC(C)=O)cc12,2.71
504-140-01,CC(=O)c1ccc2[nH]cc(-c3cncn3C)c2c1,1.78
504-146-01,Cn1cncc1-c1c[nH]c2ccc(cc12)C(=O)NC1CC1,2.21
504-149-01,CSc1ccc2[nH]cc(-c3cncn3C)c2c1,3.5
504-150-01,Cn1cncc1-c1c[nH]c2ccc(cc12)C(N)=S,1.87
504-154-01,CCn1cncc1-c1c[nH]c2ncccc12,5.5
504-156-01,CCC(=O)Oc1ccc2[nH]cc(-c3cncn3CC)c2c1,3.79
504-157-01,Cn1cncc1-c1c[nH]c2ccc(OC(=O)C(C)(C)C)cc12,4.65
504-158-01,CCn1cncc1-c1c[nH]c2ccc(OC(=O)C(C)(C)C)cc12,4.76
504-161-01,CCn1cncc1-c1c[nH]c2ccc(OC(=O)C3CC3)cc12,3.96
504-163-01,CCCCCCCC(=O)Oc1ccc2[nH]cc(-c3cncn3CC)c2c1,6.56
504-164-01,CCn1cncc1-c1c[nH]c2ccc(OC(=O)c3ccccc3)cc12,4.82
504-165-01,CCn1cncc1-c1c[nH]c2ccc(OC(=O)c3ccccn3)cc12,3.38
504-166-01,CCn1cncc1-c1c[nH]c2ccc(OC(=O)C=Cc3ccccc3)cc12,5.65
504-174-01,CCNC(=O)c1ccc2[nH]cc(-c3cncn3C)c2c1,2.02
504-175-01,CCNC(=O)c1ccc2[nH]cc(-c3cncn3CC)c2c1,2.5
504-176-01,CCCNC(=O)c1ccc2[nH]cc(-c3cncn3C)c2c1,2.66
504-177-01,CCCNC(=O)c1ccc2[nH]cc(-c3cncn3CC)c2c1,3.02
504-178-01,Cn1cncc1-c1c[nH]c2ccc(cc12)C(=O)NCC=C,2.44
504-180-01,COCCNC(=O)c1ccc2[nH]cc(-c3cncn3C)c2c1,1.99
504-182-01,Cn1cncc1-c1c[nH]c2c(F)cc(cc12)C(N)=O,1.25
504-193-01,CC(C)C(=O)Oc1ccc2[nH]cc(-c3cncn3C)c2c1,4.16
504-194-01,CCn1cncc1-c1c[nH]c2ccc(OC(=O)C(C)C)cc12,4.53
504-195-01,CC(C)Cn1cncc1-c1c[nH]c2ccc(cc12)C(N)=O,2.21
504-206-01,Cn1cncc1-c1c[nH]c2ccc(cc12)S(C)=O,1.1
504-207-01,CCn1cncc1-c1c[nH]c2ccc(cc12)S(C)=O,1.46
504-226-01,CCn1cncc1-c1c[nH]c2ccc(SC)cc12,4.73
504-227-01,CCn1cncc1-c1c[nH]c2ccc(cc12)C(N)=S,3.23
504-228-01,NC(=O)c1ccc2[nH]cc(-c3cncn3CC3CC3)c2c1,2.99
504-229-01,NC(=O)c1ccc2[nH]cc(-c3cncn3CC3CCC3)c2c1,2.48
504-231-01,CC(C)CCn1cncc1-c1c[nH]c2ccc(cc12)C(N)=O,2.83
504-233-02,NC(=O)c1ccc2[nH]cc(-c3cncn3CC#C)c2c1,2.9
504-235-01,NC(=O)c1ccc2[nH]cc(-c3cncn3CCC(F)(F)F)c2c1,1.87
504-241-01,NC(=S)c1ccc2[nH]cc(-c3cncn3CC3CC3)c2c1,3.83
504-255-01,NC(=S)c1ccc2[nH]cc(-c3cncn3CC3CC3)c2c1F,4.04
504-260-01,CNC(=O)c1ccc2[nH]cc(-c3cncn3CC3CC3)c2c1,3.36
504-262-01,CNC(=O)c1ccc2[nH]cc(-c3cncn3CC=C)c2c1,3.02
504-268-01,CC(=O)n1cc(-c2cncn2CC2CC2)c2cc(ccc12)C(N)=O,3.57
504-270-01,CCC(=O)n1cc(-c2cncn2CC2CC2)c2cc(ccc12)C(N)=O,4.14
504-274-01,CCC(=O)n1cc(-c2cncn2CC(C)C)c2cc(ccc12)C(N)=O,4.32
504-275-01,CC(C)Cn1cncc1-c1cn(C(C)=O)c2ccc(cc12)C(N)=O,3.77
504-283-01,CCCCCn1cncc1-c1c[nH]c2ccc(cc12)C(N)=O,3.8
504-298-01,NC(=O)c1ccc2[nH]cc(-c3cncn3CCOc3ccccc3)c2c1,4.1
504-298-05,NC(=O)c1ccc2[nH]cc(-c3cncn3CCOc3ccccc3)c2c1,4.05
504-308-01,CNCc1ccc2[nH]cc(-c3cncn3C)c2c1,2.82
504-309-01,CCn1cncc1-c1c[nH]c2ccc(cc12)-c1ccccc1,6.14
504-311-01,CCn1cncc1-c1c[nH]c2ccc(cc12)-c1cccnc1,4.43
504-312-01,CCn1cncc1-c1c[nH]c2ccc(cc12)-c1ccncc1,4.5
504-314-01,Cn1cncc1-c1c[nH]c2cccc(-c3ccccc3)c12,5.45
504-316-01,CCOc1ccc(cn1)-c1ccc2[nH]cc(-c3cncn3C)c2c1,5.51
504-317-01,Cn1cncc1-c1c[nH]c2ccc(cc12)-c1ccnc(F)c1,4.69
504-319-01,Cn1cncc1-c1c[nH]c2ccc(cc12)-c1ccncc1,4.17
504-322-01,Cn1cncc1-c1c[nH]c2ccc(cc12)-c1ccc(F)nc1,4.24
504-323-01,COc1cc(ccn1)-c1ccc2[nH]cc(-c3cncn3C)c2c1,4.88
504-327-01,Cn1cncc1-c1c[nH]c2ccc(cc12)-c1ccccc1F,5.77
504-328-01,Cn1cncc1-c1c[nH]c2ccc(cc12)-c1cccc(F)c1,5.5
504-329-01,Cn1cncc1-c1c[nH]c2ccc(cc12)-c1ccc(F)cc1,5.71
504-331-01,COc1ccc(cc1)-c1ccc2[nH]cc(-c3cncn3C)c2c1,5.48
504-332-01,Cn1cncc1-c1c[nH]c2ccc(cc12)-c1ccccc1O,4.2
504-333-01,Cn1cncc1-c1c[nH]c2ccc(cc12)-c1ccc(O)cc1,3.9
504-334-01,Cn1cncc1-c1c[nH]c2ccc(cc12)-c1ccc(cc1)C(N)=O,3.75
504-336-01,Cn1cncc1-c1c[nH]c2ccc(cc12)-c1cccc(N)c1,4.43
504-337-01,Cn1cncc1-c1c[nH]c2ccc(cc12)-c1ccc(cc1)C#N,5.32
504-339-01,Cn1cncc1-c1c[nH]c2ccc(-c3ccc[nH]3)c(F)c12,4.82
504-343-01,CCn1cncc1-c1c[nH]c2ccc(cc12)-c1cn[nH]c1,3.11
504-345-01,CCn1cncc1-c1c[nH]c2ccc(cc12)-c1cn[nH]c1,3.29
504-346-01,Cn1cncc1-c1c[nH]c2ccc(cc12)-c1ccco1,4.74
504-347-01,Cn1cncc1-c1c[nH]c2ccc(cc12)-c1ccc([nH]1)C(N)=O,4.04
504-349-01,Cn1cncc1-c1c[nH]c2ccc(cc12)-c1cnco1,3.25
504-350-01,Cn1cncc1-c1c[nH]c2ccc(cc12)-c1ccc(CN)s1,3.78
504-351-01,Cn1cncc1-c1c[nH]c2ccc(cc12)-c1ccc(CO)s1,3.67
504-354-01,Cn1cncc1-c1c[nH]c2ccc(cc12)-c1ccc2[nH]cnc2c1,3.26
504-355-01,CCn1cncc1-c1c[nH]c2ccc(cc12)-c1ccnc(F)c1,4.55
504-356-01,CCn1cncc1-c1c[nH]c2ccc(cc12)-c1ccc(F)nc1,4.64
504-357-01,CCn1cncc1-c1c[nH]c2ccc(cc12)-c1ccc(nc1)C#N,3.51
504-358-01,Cn1cncc1-c1c[nH]c2ccc(cc12)-c1ccc(N)nc1,3.06
504-360-01,CCn1cncc1-c1c[nH]c2ccc(cc12)-c1ccc(nc1)C(N)=O,4.42
504-361-01,CCn1cncc1-c1c[nH]c2ccc(cc12)-c1ccc(CN)nc1,5.32
504-362-01,CCn1cncc1-c1c[nH]c2ccc(cc12)-c1ccc(CO)nc1,4.23
504-362-03,CCn1cncc1-c1c[nH]c2ccc(cc12)-c1ccc(CO)nc1,1.31
504-364-01,CCn1cncc1-c1c[nH]c2ccc(cc12)-c1cncc(c1)C(N)=O,0.81
504-366-01,CCn1cncc1-c1c[nH]c2ccc(cc12)-c1cncc(CO)c1,1.11
504-367-01,Cn1cncc1-c1c[nH]c2ncc(Br)cc12,1.91
504-368-01,CCn1cncc1-c1c[nH]c2ncc(Br)cc12,2.56
504-369-01,CCCn1cncc1-c1c[nH]c2ncc(Br)cc12,3.31
504-370-01,Brc1cnc2[nH]cc(-c3cncn3CC3CC3)c2c1,3.52
504-371-01,Cn1cncc1-c1c[nH]c2ncc(cc12)-c1ccc(nc1)C#N,1.56
504-372-01,CCn1cncc1-c1c[nH]c2ncc(cc12)-c1ccc(nc1)C#N,2.08
504-373-01,CCCn1cncc1-c1c[nH]c2ncc(cc12)-c1ccc(nc1)C#N,2.7
504-374-01,N#Cc1ccc(cn1)-c1cnc2[nH]cc(-c3cncn3CC3CC3)c2c1,2.92
504-375-01,Cn1cncc1-c1c[nH]c2ncc(cc12)-c1ccc(nc1)C(N)=O,0.17
504-376-01,CCn1cncc1-c1c[nH]c2ncc(cc12)-c1ccc(nc1)C(N)=O,0.59
504-377-01,CCCn1cncc1-c1c[nH]c2ncc(cc12)-c1ccc(nc1)C(N)=O,1.11
504-378-01,NC(=O)c1ccc(cn1)-c1cnc2[nH]cc(-c3cncn3CC3CC3)c2c1,1.31
504-379-01,Cn1cncc1-c1c[nH]c2ncc(cc12)-c1ccc(CO)nc1,-0.17
504-380-01,CCn1cncc1-c1c[nH]c2ncc(cc12)-c1ccc(CO)nc1,0.26
504-381-01,CCCn1cncc1-c1c[nH]c2ncc(cc12)-c1ccc(CO)nc1,0.74
504-382-01,OCc1ccc(cn1)-c1cnc2[nH]cc(-c3cncn3CC3CC3)c2c1,0.95
504-383-01,COCc1ccc(cn1)-c1cnc2[nH]cc(-c3cncn3C)c2c1,0.93
504-384-01,CCn1cncc1-c1c[nH]c2ncc(cc12)-c1ccc(COC)nc1,1.38
504-385-01,CCCn1cncc1-c1c[nH]c2ncc(cc12)-c1ccc(COC)nc1,1.96
504-386-01,COCc1ccc(cn1)-c1cnc2[nH]cc(-c3cncn3CC3CC3)c2c1,2.17
504-387-01,Cn1cncc1-c1c[nH]c2ncc(cc12)-c1cccnc1,0.68
504-388-01,CCn1cncc1-c1c[nH]c2ncc(cc12)-c1cccnc1,1.14
504-389-01,CCCn1cncc1-c1c[nH]c2ncc(cc12)-c1cccnc1,1.71
504-390-01,C(C1CC1)n1cncc1-c1c[nH]c2ncc(cc12)-c1cccnc1,1.93
504-391-01,CCn1cncc1-c1c[nH]c2ccc(cc12)-c1cnc2[nH]ccc2c1,3.62
504-393-01,CCn1cncc1-c1c[nH]c2ccc(cc12)-c1ccc(cc1)C(=O)CN,7.21
504-403-01,NC(=O)c1ccc2[nH]cc(-c3cncn3CC#C)c2c1F,2.62
504-404-01,NC(=S)c1ccc2[nH]cc(-c3cncn3CC#C)c2c1,3.3
504-412-01,NC(=O)c1ccc2[nH]cc(-c3cncn3CCCOc3ccccc3)c2c1,4.33
504-414-01,NC(=O)c1ccc2[nH]cc(-c3cncn3CCOCc3ccccc3)c2c1,4.08
504-415-01,COc1ccccc1OCCn1cncc1-c1c[nH]c2ccc(cc12)C(N)=O,3.89
504-416-01,COc1cccc(OCCn2cncc2-c2c[nH]c3ccc(cc23)C(N)=O)c1,4.11
504-417-01,COc1ccc(OCCn2cncc2-c2c[nH]c3ccc(cc23)C(N)=O)cc1,3.97
504-417-05,COc1ccc(OCCn2cncc2-c2c[nH]c3ccc(cc23)C(N)=O)cc1,3.43
504-420-01,NC(=O)c1ccc2[nH]cc(-c3cncn3CCOc3ccc(Cl)cc3)c2c1,4.7
504-420-05,NC(=O)c1ccc2[nH]cc(-c3cncn3CCOc3ccc(Cl)cc3)c2c1,4.15
504-436-01,Cn1cncc1-c1c[nH]c2ccc(cc12)-c1ccsc1,5.08
504-437-01,Cn1cncc1-c1c[nH]c2ccc(cc12)-c1cccs1,5.17
504-443-01,Cc1ccc(OCCn2cncc2-c2c[nH]c3ccc(cc23)C(N)=O)cc1,4.03
504-444-01,NC(=O)c1ccc2[nH]cc(-c3cncn3CCOc3ccc(F)cc3)c2c1,3.67
504-445-01,NC(=O)c1ccc2[nH]cc(-c3cncn3CCOc3ccc(Br)cc3)c2c1,4.32
504-446-01,NC(=O)c1ccc2[nH]cc(-c3cncn3CCOc3cccc(F)c3)c2c1,3.74
504-447-01,NC(=O)c1ccc2[nH]cc(-c3cncn3CCOc3cccc(Cl)c3)c2c1,4.13
504-449-01,Cc1cccc(OCCn2cncc2-c2c[nH]c3ccc(cc23)C(N)=O)c1,3.98
504-456-01,Cn1cncc1-c1c[nH]c2ccc(cc12)-c1ccc(cc1)S(C)(=O)=O,4.05
504-465-01,NC(=O)c1ccc2[nH]cc(-c3cncn3CCOc3ccc(I)cc3)c2c1,5.11
504-466-01,NC(=O)c1ccc2[nH]cc(-c3cncn3CCOc3ccc(cc3)C(F)(F)F)c2c1,4.5
504-475-01,NC(=O)c1ccc2[nH]cc(-c3cncn3CCOc3ccccc3F)c2c1,3.55
504-479-01,NC(=O)c1ccc2[nH]cc(-c3cncn3CCOc3ccc4OCOc4c3)c2c1,4.34
504-483-01,NC(=O)c1ccc2[nH]cc(-c3cncn3CCOc3ccc(OC(F)(F)F)cc3)c2c1,5.22
504-492-01,COCCc1ccc(OCCn2cncc2-c2c[nH]c3ccc(cc23)C(N)=O)cc1,4.5
504-498-01,NC(=O)c1ccc2[nH]cc(-c3cncn3CC3CCO3)c2c1,3.15
504-499-01,NC(=O)c1ccc2[nH]cc(-c3cncn3CC(F)F)c2c1,3.34
504-505-01,Cn1cncc1-c1c[nH]c2ccc(cc12)-c1ccc(CO)nc1,0.84
504-507-01,CCn1cncc1-c1c[nH]c2ccc(cc12)-c1ccnc(CO)c1,1.4
504-522-01,OCc1ccc(cn1)-c1ccc2[nH]cc(-c3cncn3CCOc3ccccc3)c2c1,3.52
600-024-03,NC(=N)NCc1ccc(cc1)C(=O)OCC12CC3CC(CC(C3)C1)C2,8.77
600-037-02,NC(=N)Nc1ccc(CC(=O)OCC23CC4CC(CC(C4)C2)C3)cc1,4.32
600-040-02,[H]C(N)(COC(=O)Cc1ccc(NC(N)=N)cc1)C(=O)OC,3.98
600-041-03,CN(C)C(=O)COC(=O)Cc1ccc(OC(=O)C23CCC(N)(CC2)C3)cc1,7.33
600-042-03,CN(C)C(=O)COC(=O)Cc1ccc(OC(=O)C23CC(N)(C2)C3)cc1,3.97
600-043-02,COC(=O)c1ccc(COC(=O)C23CCC(N)(CC2)C3)cc1,6.03
600-043-04,COC(=O)c1ccc(COC(=O)C23CCC(CC2)(C3)NC(N)=N)cc1,-4.98
600-047-02,COc1cc(COC(=O)Cc2ccc(NC(N)=N)cc2)cc(OC)c1,3.96
600-048-02,NC(=N)Nc1ccc(CC(=O)OCC(=O)c2ccc(Cl)s2)cc1,3.95
600-050-02,NC(=N)Nc1ccc(CC(=O)OCC(=O)c2cccs2)cc1,9.26
600-051-02,[H][C@@]12C[C@]3([H])C[C@@](N)(C1)C[C@](C2)(C3)C(=O)OCC1C2CC3CC(C2)CC1C3,2.76
600-053-02,[H][C@]12C[C@]3([H])C[C@](N)(C1)C[C@](C2)(C3)C(=O)OCc1ccc(cc1)C(=O)OC,2.75
600-054-03,COC(=O)c1ccc(COC(=O)C23CCC(N)(CC2)CC3)cc1,8.23
600-057-02,NC12CC3CC(C1)CC(C3)(C2)C(=O)OCC(=O)c1ccccc1,8.23
600-059-02,[H][C@]12C[C@]3([H])C[C@](N)(C1)C[C@](C2)(C3)C(=O)OCC(=O)c1ccc(Cl)s1,2.61
600-060-02,[H][C@]12C[C@]3([H])C[C@](N)(C1)C[C@](C2)(C3)C(=O)OCC(=O)C1C2CC3CC(C2)CC1C3,3.76
600-080-02,COC(=O)c1ccc(COC(=O)C23CCC(N)(CC2)C3)s1,6.08
600-095-03,[H][C@]12C[C@]3([H])C[C@](C1)(C[C@](C2)(C3)C(=O)OC)NC(=O)c1ccc(NC(N)=N)cc1,5.44
600-119-01,COC(=O)c1ccc(COC(=O)c2cnc(N)nc2C)cc1,5.11
600-122-01,Cc1nc(N)ncc1C(=O)OCC1(C)COC1,5.14
600-123-01,COC(=O)c1cccc(c1)C(=O)COC(=O)Cn1cncn1,7.73
600-125-01,O=C(Cn1cncn1)OCC(=O)c1cccs1,-7.45
600-126-01,CC(C)(C)OC(=O)N\\C(Nc1ccc(cc1)C(=O)OCC1(C)COC1)=N\\C(=O)OC(C)(C)C,6.48
600-127-01,O=C(Cn1cncn1)OCC(=O)C12CC3CC(CC(C3)C1)C2,0.38
600-128-01,O=C(COC(=O)C12CC3CC(C1)CC(C3)(C2)n1ncnn1)C12CC3CC(CC(C3)C1)C2,2.95
600-129-01,COC(=O)c1cccc(c1)C(=O)COC(=O)C12CC3CC(C1)CC(C3)(C2)n1ncnn1,8.45
600-130-01,O=C(COC(=O)C12CC3CC(C1)CC(C3)(C2)n1ncnn1)c1cccs1,-0.94
600-132-01,COC(=O)C12CCC(COC(=O)C34CC5CC(C3)CC(C5)(C4)n3ncnn3)(CC1)CC2,4.23
600-133-01,COC(=O)c1ccc(COC(=O)C23CC4CC(C2)CC(C4)(C3)n2ncnn2)cc1,4.95
600-135-01,Cc1nnn(n1)C12CC3CC(CC(CC(=O)NCC45CC6CC(CC(C6)C4)C5)(C3)C1)C2,-4.94
600-137-01,COC(=O)c1scc(C(=O)COC(=O)Cn2cncn2)c1F,2.37
600-140-01,COC(=O)C12CC(C1)(C2)NC(=O)c1cnc(N)nc1,5.45
600-143-01,COC(=O)C12CCC(CC1)(CC2)NC(=O)c1cnc(N)nc1,5.59
600-145-01,COC(=O)C12CC(C1)(C2)NC(=O)CC12CC3CC(C1)CC(C3)(C2)n1nnc(C)n1,3.09
600-146-01,COC(=O)C12CC(COC(=O)CC34CC5CC(C3)CC(C5)(C4)n3nnc(C)n3)(C1)C2,2.16
600-148-01,COC(=O)C12CC(C1)(C2)NC(=O)c1cnc(N)nc1C,3.63
600-149-01,COC(=O)C12CC(CNC(=O)c3cnc(N)nc3C)(C1)C2,3.92
600-151-01,COC(=O)C12CCC(COC(=O)CC34CC5CC(C3)CC(C5)(C4)n3nnc(C)n3)(CC1)C2,2.86
600-152-01,Cc1nnn(n1)C12CC3CC(CC(CC(=O)OCCN4CCS(=O)(=O)CC4)(C3)C1)C2,3.51
600-153-01,Cc1nnn(n1)C12CC3CC(CC(CC(=O)OCC4CCS(=O)(=O)C4)(C3)C1)C2,5.33
600-154-01,CC(=O)C12CC(C1)(C2)OC(=O)c1cnc(N)nc1C,7.34
600-157-01,Cc1nnn(n1)C12CC3CC(CC(CC(=O)OCCN4CCOCC4)(C3)C1)C2,3.03
600-158-01,Cc1nnn(n1)C12CC3CC(CC(CC(=O)OCC45CC6CC(CC(C6)C4)C5)(C3)C1)C2,3.54
600-160-02,Cc1nnn(n1)C12CC3CC(CC(CC(=O)OCC4CNC4)(C3)C1)C2,3.64
600-165-01,CN1CCN(CC1)c1ccc(cc1)C(=O)OCc1cn2ccccc2n1,4.48
600-166-01,O=C(OCc1ncc2ccccn12)c1ccc(cc1)N1CCOCC1,4.67
600-167-01,FC(F)C1(COC(=O)C23CC4CC(C2)CC(C4)(C3)n2ncnn2)COC1,3.86
600-168-01,O=C(OCc1cn2ccccc2n1)C1(CC1)C#N,5.27
600-171-01,Cc1nc(N)ncc1C(=O)OCCN1CCS(=O)(=O)CC1,5.15
600-172-01,Cc1nc(N)ncc1C(=O)OCC1CCS(=O)(=O)C1,7.03
600-173-01,Cc1nc(N)ncc1C(=O)OCc1cnn(C)c1,2.48
600-176-01,O=C(COC(=O)c1ccc(cc1)-n1cnnn1)c1nccs1,2.9
600-177-01,Cc1nc(N)ncc1C(=O)OCC(=O)c1nccs1,1.18
600-179-01,Cc1nc(N)ncc1C(=O)OCC1CCCOC1,5.26
600-180-01,COC(=O)c1sccc1COC(=O)c1cnc(N)nc1,-4.71
600-181-01,O=C(CC#N)OCc1cn2ccccc2n1,2.24
600-182-01,O=C(COC(=O)c1ccc(cc1)-n1cccn1)c1nccs1,5.57
600-183-01,O=C(COC(=O)c1ccc(cc1)-n1ccnc1)c1nccs1,4.4
600-184-01,O=C(COC(=O)C12CC3CC(C1)CC(C3)(C2)n1cncn1)c1ccsc1,1.25
600-186-01,Cc1nc(C)n(n1)-c1ccc(cc1)C(=O)OCC(=O)c1nccs1,7.78
600-187-01,Fc1cc(ccc1COC(=O)c1cn2ccccc2n1)C#N,7.21
600-188-01,Brc1ccc2c(COC(=O)C34CC5CC(C3)CC(C5)(C4)n3cncn3)coc2c1,4.92
600-189-01,O=C(COC(=O)C12CC3CC(C1)CC(C3)(C2)n1cncn1)c1nccs1,5.9
600-191-01,COC(=O)c1ccc(CNC(=O)c2ccc(cc2)-n2cnnn2)cc1,6.25
600-192-01,COC(=O)c1ccc(CNC(=O)c2ccc(cc2)-n2cnnc2)cc1,3.19
600-193-01,COC(=O)C12CC(C1)(C2)NC(=O)CC#N,4.18
600-193-03,O=C(CC#N)NC12CC(C1)(C2)C(=O)OCc1cn2ccccc2n1,3.36
600-194-01,COC(=O)C12CCC(CC1)(CC2)NC(=O)CC#N,3.8
600-195-01,COC(=O)c1ccc(CNC(=O)c2ccc(cc2)-n2cccn2)cc1,3.57
600-196-01,COC(=O)c1ccc(CNC(=O)c2ccc(cc2)-n2ccnc2)cc1,5.17
600-197-01,COC(=O)Cc1ccc(cc1)C(=O)NCC#N,4.84
600-199-01,COC(=O)c1ccc(CNC(=O)c2ccc(cc2)-n2nc(C)nc2C)cc1,8.85
600-204-02,COC(=O)Cc1ccc(NC(=O)CC#N)cc1,3.74
600-204-03,COC(=O)Cc1ccc(NC(=O)c2cccc(c2)C#N)cc1,3.51
600-206-01,Brc1cccc(COC(=O)C23CC(C2)(C3)NC(=O)CC#N)n1,5.4
600-207-01,O=C(NCC#N)c1ccc(cn1)C#N,5.74
600-209-01,COC(=O)c1ccc(NC(=O)CC23CC4CC(C2)CC(C4)(C3)n2nnc(C)n2)cc1,5.33
600-210-01,Brc1cccc(COC(=O)C23CCC(CC2)(CC3)NC(=O)CC#N)n1,4.42
600-213-03,[H][C@@](C)(N)CC(=O)Nc1ccc(cc1)C(=O)OCC(=O)c1ccsc1,5.24
600-214-01,COC(=O)c1ccc(cc1)C(=O)CC#N,6.63
600-217-01,O=C(OCc1ccc(cc1)-c1ccccc1C#N)c1cn2ccccc2n1,5.4
600-220-01,Fc1cccc(CNC(=O)C23CC(C2)(C3)NC(=O)CC#N)c1,3.35
600-222-01,Clc1ccnc(c1)C(=O)OCc1cn2ccccc2n1,5.06
600-223-01,Clc1ccnc(c1)C(=O)NC12CC3CC(CC(C3)C1)C2,6.96
600-224-01,COC(=O)C12CC3CC(CC(C3)(C1)NC(=O)c1cc(Cl)ccn1)C2,4.42
600-229-01,COC(=O)C12CC(COC(=O)c3ccc(cc3)C3NNN=N3)(C1)C2,3.51
600-231-01,COC(=O)C12CCC(COC(=O)c3ccc(cc3)C3NNN=N3)(CC1)C2,2.85
600-234-01,Cc1nnn(n1)C12CC3CC(CC(CC(=O)Nc4cccc(NC(=O)CC56CC7CC(C5)CC(C7)(C6)n5nnc(C)n5)c4)(C3)C1)C2,3.53
600-235-01,O=C(Nc1cccc(NC(=O)C2(CC2)C#N)c1)C1(CC1)C#N,4.26
600-238-01,O=C(Nc1cccc(NC(=O)c2cccnc2)c1)c1cccnc1,2.42
600-242-01,COC(=O)C12CCC(CC1)(CC2)NC(=O)c1ccc(cc1)C1N=NN=N1,5.64
600-243-02,COC(=O)C12CCC(CC1)(C2)NC(=O)c1ccc(cc1)C1N=NN=N1,6.44
600-248-01,COC(=O)c1ccc(CNC(=O)c2ccc(N3CCOCC3)c(F)c2)cc1,2.42
600-248-03,Cn1cc(COC(=O)c2ccc(CNC(=O)c3ccc(N4CCOCC4)c(F)c3)cc2)cn1,4.91
600-252-01,COC(=O)c1ccc(CNC(=O)c2ccc(N3CCN(C)CC3)c(F)c2)cc1,3.5
600-252-03,CN1CCN(CC1)c1ccc(cc1F)C(=O)NCc1ccc(cc1)C(=O)OCC(=O)N1CCOCC1,4.67
600-253-02,CC(C)(C)C(N)C(=O)Nc1cccc(c1)C(=O)OCC12CC3CC(CC(C3)C1)C2,5.13
600-260-02,N[C@@H](CCCNC(=O)c1cnccn1)C(=O)OCC(=O)c1nccs1,5.5
600-267-02,N[C@H](Cc1ccc(F)c(F)c1)C(=O)OCC(=O)c1nccs1,6.02
600-269-02,N[C@@H](CCCNC(=O)c1cnccn1)C(=O)OCC(=O)N1CCOCC1,4.04
600-270-02,Cn1cnc(COC(=O)[C@@H](N)CCCNC(=O)c2cnccn2)n1,6.99
600-271-02,NC(=N)Nc1ccc(cc1)C(=O)OCC(=O)c1cccs1,4.22
600-277-02,NC(=N)Nc1ccc(cc1)C(=O)OCC(=O)c1ccccc1,4.98
600-279-02,NC(=N)Nc1ccc(cc1)C(=O)OCC(=O)c1cnccn1,4.64
600-282-02,COC(=O)c1cccc(c1)C(=O)COC(=O)c1ccc(NC(N)=N)cc1,6.1
600-283-02,NC(=N)Nc1ccc(cc1)C(=O)OCC(=O)c1nccs1,4.13
600-284-02,COC(=O)c1cc(COC(=O)c2ccc(NC(N)=N)cc2)cs1,4.48
600-286-02,COc1cc(COC(=O)c2ccc(NC(N)=N)cc2)cc(OC)c1,4.96
600-295-02,COc1ccc(cc1OC)C(=O)COC(=O)c1ccc(NC(N)=N)cc1,4.15
600-296-02,COc1ccccc1C(=O)COC(=O)c1ccc(NC(N)=N)cc1,7.58
600-301-02,NC(=N)Nc1ccc(cc1)C(=O)OCC(=O)c1ccc(cc1)C#N,6.32
600-302-02,NC(=N)Nc1ccc(cc1)C(=O)OCC(=O)c1cccc(c1)C#N,7.23
600-303-02,NC(=N)Nc1ccc(cc1)C(=O)OCC(=O)c1cccc(c1)[N+]([O-])=O,6.3
600-305-02,NC(=N)Nc1ccc(cc1)C(=O)OCC(=O)c1cc(F)ccc1O,6.27
600-307-02,NC(=N)Nc1ccc(nc1)C(=O)OCC(=O)c1cccs1,3.45
600-308-02,NC(=N)Nc1ccc(nc1)C(=O)OCC(=O)c1ccc[nH]1,3.87
601-500-03,Nc1nccn2c(cnc12)C1(OC(CO)C(O)C1O)C#N,-1.06
601-504-03,Nc1ncnn2c(ccc12)C1OC(CO)C(O)C1O,-1.74
601-506-01,OC[C@H]1O[C@H]([C@H](O)[C@@H]1O)n1ccc(NO)nc1=O,-7.44
601-507-03,Nc1cccn2c(cnc12)[C@@]1(O[C@H](CO)[C@@H](O)[C@H]1O)C#N,-0.54
601-512-07,C[C@@]1(O)[C@H](O)[C@@H](CO)O[C@@]1(C#N)c1cnc2c(N)nccn12,-0.72
601-601-01,Nc1ncnn2c(ccc12)[C@@H]1O[C@H](COP(O)(O)=O)[C@@H](O)[C@H]1O,-9.83
601-602-01,Nc1nccn2c(cnc12)[C@@]1(O[C@H](COP(O)(O)=O)[C@@H](O)[C@H]1O)C#N,-2.41
601-800-07,CC(=O)N[C@@H](COC(=O)c1ccccc1O)C(=O)NC12CC3CC(CC(C3)C1)C2,5.98
601-800-08,CC(=O)N[C@@H](COC(=O)c1ccccc1OC(C)=O)C(=O)NC12CC3CC(CC(C3)C1)C2,5.44
601-802-01,CCC(CC)COC(=O)C(C)NP(=O)(OCC1OC(C(O)C1O)c1ccc2c(N)ncnn12)Oc1ccccc1,3.83
601-803-01,CCC(CC)COC(=O)C(C)NP(=O)(OCC1OC(C#N)(C(O)C1O)c1cnc2c(N)nccn12)Oc1ccccc1,3.97
601-804-01,CCCN(CCC)S(=O)(=O)c1ccc(cc1)C(=O)OC[C@H](NC(=O)OC(C)(C)C)C(=O)NC12CC3CC(CC(C3)C1)C2,9.58
601-804-02,CCCN(CCC)S(=O)(=O)c1ccc(cc1)C(=O)OC[C@H](N)C(=O)NC12CC3CC(CC(C3)C1)C2,6.74
601-804-03,CCCN(CCC)S(=O)(=O)c1ccc(cc1)C(=O)OC[C@H](NC(C)=O)C(=O)NC12CC3CC(CC(C3)C1)C2,7.97
601-810-01,CCC(CC)COC(=O)[C@H](C)NP(=O)(OC[C@H]1O[C@@](C#N)(c2cnc3c(N)nccn23)[C@](C)(O)[C@@H]1O)Oc1ccccc1,4.55
601-811-01,CCC(CC)COC(=O)[C@H](C)NP(=O)(OC[C@H]1O[C@](C#N)([C@H](O)[C@@H]1O)c1cnc2c(N)cccn12)Oc1ccccc1,4.66
AGH-038-02,Cn1cncc1-c1c[nH]c2ccccc12,5.73
AGH-039-01,COc1ccc2[nH]cc(-c3cncn3C)c2c1,5.73
AGH-044-02,CCn1cncc1-c1c[nH]c2ccc(OC)cc12,6.07
AGH-075-02,CCn1cncc1-c1c[nH]c2ccc(Br)cc12,2.66
AGH-079-02,CCn1cncc1-c1c[nH]c2ccc(Cl)cc12,6.85
AGH-096-02,CCn1cncc1-c1c[nH]c2ccccc12,6.04
AGH-107-02,CCn1cncc1-c1c[nH]c2ccc(I)cc12,7.62
AGH-108-02,CCn1cncc1-c1c[nH]c2ccc(C)cc12,6.63
AGH-110-01,CCn1cncc1-c1c[nH]c2ccc(O)cc12,1.7
AGH-116-02,CCn1cncc1-c1c[nH]c2c(F)cc(I)cc12,7.99
AGH-126-02,CCn1cncc1-c1c[nH]c2cc(OC)ccc12,6
AGH-137-02,Cn1cncc1-c1c[nH]c2ccc(Br)cc12,6.69
AGH-138-02,CCCn1cncc1-c1c[nH]c2ccc(Br)cc12,7.47
AGH-140-02,CCCCn1cncc1-c1c[nH]c2ccc(Br)cc12,2.66
AGH-145-05,Cn1cncc1-c1c[nH]c2ccc(I)cc12,6.95
AGH-179-02,CCn1cncc1-c1c[nH]c2cccc(O)c12,6.12
AGH-188-01,Fc1c(I)ccc2[nH]cc(C=O)c12,6.98
AGH-192-02,CCn1cncc1-c1c[nH]c2ccc(I)c(F)c12,7.45
AGH-226-02,CCn1cncc1-c1c[nH]c2cc(F)ccc12,6.39
AGH-232-02,Cn1cncc1-c1c[nH]c2ccc(Br)c(F)c12,6.73
AGH-234-02,Cn1cncc1-c1c[nH]c2ccc(Cl)c(F)c12,6.61
AGH-236-02,Cn1cncc1-c1c[nH]c2ccc(F)c(F)c12,6.35
AGH-355-02,CCCn1cncc1-c1c[nH]c2ccc(I)c(F)c12,7.61
AGH-356-02,Fc1c(I)ccc2[nH]cc(-c3cncn3CC=C)c12,7.38
AGH-494-01,CCn1cncc1-c1c[nH]c2ccc(cc12)C(N)=O,0.33
AGH-537-01,Fc1c(I)ccc2[nH]ccc12,8.46
AGH-548-01,CCn1cncc1-c1c[nH]c2ccc(C(N)=O)c(F)c12,1.27
AGH-549-01,Cn1cncc1-c1c[nH]c2ccc(C(N)=O)c(F)c12,3.77
AGH-616-02,Fc1c(I)ccc2[nH]cc(-c3cncn3Cc3ccccc3)c12,7.95
